Month,State,CPI Index,YoY %
2011-01-01,Johor,101.7,2.31
2011-01-01,Kedah,101.8,2.21
2011-01-01,Kelantan,102.4,3.33
2011-01-01,Melaka,101.8,2.31
2011-01-01,Negeri Sembilan,102.1,2.82
2011-01-01,Pahang,101.6,2.21
2011-01-01,Perak,101.8,2.41
2011-01-01,Perlis,102.5,3.54
2011-01-01,Pulau Pinang,101.9,2.52
2011-01-01,Sabah,101.9,2.52
2011-01-01,Sarawak,101.6,2.42
2011-01-01,Selangor,101.8,2.52
2011-01-01,Terengganu,102.3,3.13
2011-01-01,W.P. Kuala Lumpur,101.6,2.21
2011-01-01,W.P. Labuan,101.1,1.71
2011-01-01,W.P. Putrajaya,101.8,2.11
2011-02-01,Johor,102.4,3.02
2011-02-01,Kedah,102.3,2.81
2011-02-01,Kelantan,102.6,3.64
2011-02-01,Melaka,102.3,2.81
2011-02-01,Negeri Sembilan,102.8,3.52
2011-02-01,Pahang,102.0,2.72
2011-02-01,Perak,102.2,2.82
2011-02-01,Perlis,102.5,3.64
2011-02-01,Pulau Pinang,102.3,2.81
2011-02-01,Sabah,102.1,2.41
2011-02-01,Sarawak,102.1,2.72
2011-02-01,Selangor,102.5,3.22
2011-02-01,Terengganu,102.5,3.43
2011-02-01,W.P. Kuala Lumpur,101.9,2.52
2011-02-01,W.P. Labuan,101.3,1.71
2011-02-01,W.P. Putrajaya,102.5,2.91
2011-03-01,Johor,102.3,2.92
2011-03-01,Kedah,102.4,3.12
2011-03-01,Kelantan,102.8,3.84
2011-03-01,Melaka,102.2,2.82
2011-03-01,Negeri Sembilan,102.8,3.63
2011-03-01,Pahang,102.1,2.82
2011-03-01,Perak,102.3,2.92
2011-03-01,Perlis,103.3,4.45
2011-03-01,Pulau Pinang,102.4,3.12
2011-03-01,Sabah,102.2,2.51
2011-03-01,Sarawak,102.1,2.72
2011-03-01,Selangor,102.6,3.22
2011-03-01,Terengganu,102.5,3.43
2011-03-01,W.P. Kuala Lumpur,102.0,2.62
2011-03-01,W.P. Labuan,101.4,1.81
2011-03-01,W.P. Putrajaya,102.6,3.01
2011-04-01,Johor,102.5,3.12
2011-04-01,Kedah,102.6,3.32
2011-04-01,Kelantan,103.3,4.13
2011-04-01,Melaka,102.4,3.02
2011-04-01,Negeri Sembilan,103.2,3.93
2011-04-01,Pahang,102.5,3.12
2011-04-01,Perak,102.5,3.12
2011-04-01,Perlis,103.6,4.86
2011-04-01,Pulau Pinang,102.6,3.22
2011-04-01,Sabah,102.5,2.81
2011-04-01,Sarawak,102.2,2.82
2011-04-01,Selangor,102.8,3.42
2011-04-01,Terengganu,103.1,3.93
2011-04-01,W.P. Kuala Lumpur,102.2,2.71
2011-04-01,W.P. Labuan,101.6,1.8
2011-04-01,W.P. Putrajaya,102.9,3.31
2011-05-01,Johor,102.8,3.21
2011-05-01,Kedah,102.9,3.42
2011-05-01,Kelantan,103.8,4.43
2011-05-01,Melaka,102.5,2.91
2011-05-01,Negeri Sembilan,103.5,4.02
2011-05-01,Pahang,102.8,3.01
2011-05-01,Perak,102.8,3.21
2011-05-01,Perlis,102.2,2.82
2011-05-01,Pulau Pinang,102.8,3.32
2011-05-01,Sabah,102.5,2.91
2011-05-01,Sarawak,102.4,2.91
2011-05-01,Selangor,103.1,3.51
2011-05-01,Terengganu,103.3,3.82
2011-05-01,W.P. Kuala Lumpur,102.4,2.71
2011-05-01,W.P. Labuan,103.5,3.71
2011-05-01,W.P. Putrajaya,103.1,3.51
2011-06-01,Johor,103.3,3.51
2011-06-01,Kedah,103.1,3.41
2011-06-01,Kelantan,104.1,4.41
2011-06-01,Melaka,102.8,3.11
2011-06-01,Negeri Sembilan,103.8,4.11
2011-06-01,Pahang,103.1,3.2
2011-06-01,Perak,103.0,3.31
2011-06-01,Perlis,102.3,2.81
2011-06-01,Pulau Pinang,103.2,3.61
2011-06-01,Sabah,102.6,3.12
2011-06-01,Sarawak,102.5,2.91
2011-06-01,Selangor,103.4,3.61
2011-06-01,Terengganu,103.8,3.9
2011-06-01,W.P. Kuala Lumpur,102.6,2.7
2011-06-01,W.P. Labuan,103.5,3.71
2011-06-01,W.P. Putrajaya,103.3,3.61
2011-07-01,Johor,103.6,3.5
2011-07-01,Kedah,103.3,3.4
2011-07-01,Kelantan,104.3,4.3
2011-07-01,Melaka,103.0,2.9
2011-07-01,Negeri Sembilan,104.1,4.2
2011-07-01,Pahang,103.3,3.2
2011-07-01,Perak,103.2,3.2
2011-07-01,Perlis,102.5,2.6
2011-07-01,Pulau Pinang,103.5,3.5
2011-07-01,Sabah,103.0,3.31
2011-07-01,Sarawak,102.6,2.81
2011-07-01,Selangor,103.6,3.6
2011-07-01,Terengganu,104.1,4.1
2011-07-01,W.P. Kuala Lumpur,102.8,2.7
2011-07-01,W.P. Labuan,103.9,3.9
2011-07-01,W.P. Putrajaya,103.3,3.4
2011-08-01,Johor,103.7,3.39
2011-08-01,Kedah,103.4,3.19
2011-08-01,Kelantan,104.6,4.08
2011-08-01,Melaka,103.0,2.69
2011-08-01,Negeri Sembilan,104.2,3.89
2011-08-01,Pahang,103.4,3.09
2011-08-01,Perak,103.3,2.99
2011-08-01,Perlis,102.6,1.89
2011-08-01,Pulau Pinang,103.8,3.49
2011-08-01,Sabah,103.4,3.4
2011-08-01,Sarawak,102.8,2.49
2011-08-01,Selangor,103.8,3.59
2011-08-01,Terengganu,104.3,3.88
2011-08-01,W.P. Kuala Lumpur,102.9,2.59
2011-08-01,W.P. Labuan,104.2,3.99
2011-08-01,W.P. Putrajaya,103.4,3.3
2011-09-01,Johor,103.9,3.59
2011-09-01,Kedah,103.7,3.6
2011-09-01,Kelantan,104.7,4.08
2011-09-01,Melaka,103.4,3.09
2011-09-01,Negeri Sembilan,104.4,4.09
2011-09-01,Pahang,103.6,3.39
2011-09-01,Perak,103.5,3.19
2011-09-01,Perlis,102.9,2.18
2011-09-01,Pulau Pinang,103.9,3.49
2011-09-01,Sabah,103.5,3.19
2011-09-01,Sarawak,103.0,2.49
2011-09-01,Selangor,104.0,3.69
2011-09-01,Terengganu,104.4,3.88
2011-09-01,W.P. Kuala Lumpur,103.1,2.69
2011-09-01,W.P. Labuan,104.4,4.09
2011-09-01,W.P. Putrajaya,103.8,3.39
2011-10-01,Johor,104.2,3.68
2011-10-01,Kedah,104.0,3.38
2011-10-01,Kelantan,104.8,4.07
2011-10-01,Melaka,103.6,3.19
2011-10-01,Negeri Sembilan,104.7,3.97
2011-10-01,Pahang,104.0,3.59
2011-10-01,Perak,103.8,3.28
2011-10-01,Perlis,103.3,2.38
2011-10-01,Pulau Pinang,104.2,3.58
2011-10-01,Sabah,103.6,3.08
2011-10-01,Sarawak,103.2,2.48
2011-10-01,Selangor,104.2,3.68
2011-10-01,Terengganu,104.5,4.08
2011-10-01,W.P. Kuala Lumpur,103.4,2.89
2011-10-01,W.P. Labuan,104.9,4.38
2011-10-01,W.P. Putrajaya,104.3,3.78
2011-11-01,Johor,104.2,3.37
2011-11-01,Kedah,104.1,3.07
2011-11-01,Kelantan,104.8,3.56
2011-11-01,Melaka,103.9,3.28
2011-11-01,Negeri Sembilan,104.6,3.56
2011-11-01,Pahang,104.0,3.38
2011-11-01,Perak,103.8,2.98
2011-11-01,Perlis,103.1,1.78
2011-11-01,Pulau Pinang,104.3,3.47
2011-11-01,Sabah,103.8,3.08
2011-11-01,Sarawak,103.4,2.58
2011-11-01,Selangor,104.4,3.57
2011-11-01,Terengganu,104.4,3.37
2011-11-01,W.P. Kuala Lumpur,103.5,2.88
2011-11-01,W.P. Labuan,105.2,4.99
2011-11-01,W.P. Putrajaya,104.3,3.68
2011-12-01,Johor,104.4,3.26
2011-12-01,Kedah,104.2,2.86
2011-12-01,Kelantan,105.1,3.34
2011-12-01,Melaka,104.1,2.97
2011-12-01,Negeri Sembilan,104.7,3.15
2011-12-01,Pahang,104.2,2.96
2011-12-01,Perak,103.9,2.67
2011-12-01,Perlis,103.0,0.98
2011-12-01,Pulau Pinang,104.5,3.26
2011-12-01,Sabah,103.9,2.67
2011-12-01,Sarawak,103.5,2.27
2011-12-01,Selangor,104.4,3.26
2011-12-01,Terengganu,104.6,2.95
2011-12-01,W.P. Kuala Lumpur,103.5,2.58
2011-12-01,W.P. Labuan,105.2,4.57
2011-12-01,W.P. Putrajaya,104.6,3.77
2012-01-01,Johor,105.0,3.24
2012-01-01,Kedah,104.6,2.75
2012-01-01,Kelantan,105.6,3.12
2012-01-01,Melaka,104.4,2.55
2012-01-01,Negeri Sembilan,104.9,2.74
2012-01-01,Pahang,104.4,2.76
2012-01-01,Perak,104.2,2.36
2012-01-01,Perlis,103.0,0.49
2012-01-01,Pulau Pinang,104.8,2.85
2012-01-01,Sabah,104.3,2.36
2012-01-01,Sarawak,103.8,2.17
2012-01-01,Selangor,104.6,2.75
2012-01-01,Terengganu,104.9,2.54
2012-01-01,W.P. Kuala Lumpur,103.8,2.17
2012-01-01,W.P. Labuan,105.6,4.45
2012-01-01,W.P. Putrajaya,104.8,2.95
2012-02-01,Johor,104.7,2.25
2012-02-01,Kedah,104.5,2.15
2012-02-01,Kelantan,105.3,2.63
2012-02-01,Melaka,104.2,1.86
2012-02-01,Negeri Sembilan,104.8,1.95
2012-02-01,Pahang,104.4,2.35
2012-02-01,Perak,104.0,1.76
2012-02-01,Perlis,104.0,1.46
2012-02-01,Pulau Pinang,104.7,2.35
2012-02-01,Sabah,104.4,2.25
2012-02-01,Sarawak,103.9,1.76
2012-02-01,Selangor,104.6,2.05
2012-02-01,Terengganu,104.6,2.05
2012-02-01,W.P. Kuala Lumpur,104.0,2.06
2012-02-01,W.P. Labuan,106.0,4.64
2012-02-01,W.P. Putrajaya,105.0,2.44
2012-03-01,Johor,104.5,2.15
2012-03-01,Kedah,104.3,1.86
2012-03-01,Kelantan,105.2,2.33
2012-03-01,Melaka,104.2,1.96
2012-03-01,Negeri Sembilan,104.6,1.75
2012-03-01,Pahang,104.4,2.25
2012-03-01,Perak,104.0,1.66
2012-03-01,Perlis,103.9,0.58
2012-03-01,Pulau Pinang,104.8,2.34
2012-03-01,Sabah,104.4,2.15
2012-03-01,Sarawak,104.1,1.96
2012-03-01,Selangor,104.6,1.95
2012-03-01,Terengganu,104.5,1.95
2012-03-01,W.P. Kuala Lumpur,103.9,1.86
2012-03-01,W.P. Labuan,105.9,4.44
2012-03-01,W.P. Putrajaya,105.0,2.34
2012-04-01,Johor,104.5,1.95
2012-04-01,Kedah,104.4,1.75
2012-04-01,Kelantan,105.1,1.74
2012-04-01,Melaka,104.2,1.76
2012-04-01,Negeri Sembilan,104.6,1.36
2012-04-01,Pahang,104.4,1.85
2012-04-01,Perak,103.8,1.27
2012-04-01,Perlis,103.9,0.29
2012-04-01,Pulau Pinang,104.7,2.05
2012-04-01,Sabah,104.2,1.66
2012-04-01,Sarawak,104.1,1.86
2012-04-01,Selangor,104.6,1.75
2012-04-01,Terengganu,104.4,1.26
2012-04-01,W.P. Kuala Lumpur,103.8,1.57
2012-04-01,W.P. Labuan,106.0,4.33
2012-04-01,W.P. Putrajaya,105.0,2.04
2012-05-01,Johor,104.9,2.04
2012-05-01,Kedah,104.8,1.85
2012-05-01,Kelantan,105.5,1.64
2012-05-01,Melaka,104.6,2.05
2012-05-01,Negeri Sembilan,104.8,1.26
2012-05-01,Pahang,104.8,1.95
2012-05-01,Perak,104.0,1.17
2012-05-01,Perlis,104.0,1.76
2012-05-01,Pulau Pinang,104.9,2.04
2012-05-01,Sabah,104.4,1.85
2012-05-01,Sarawak,104.1,1.66
2012-05-01,Selangor,104.9,1.75
2012-05-01,Terengganu,104.8,1.45
2012-05-01,W.P. Kuala Lumpur,104.0,1.56
2012-05-01,W.P. Labuan,106.5,2.9
2012-05-01,W.P. Putrajaya,105.1,1.94
2012-06-01,Johor,105.1,1.74
2012-06-01,Kedah,105.0,1.84
2012-06-01,Kelantan,106.0,1.83
2012-06-01,Melaka,104.7,1.85
2012-06-01,Negeri Sembilan,105.1,1.25
2012-06-01,Pahang,104.9,1.75
2012-06-01,Perak,104.2,1.17
2012-06-01,Perlis,104.2,1.86
2012-06-01,Pulau Pinang,105.2,1.94
2012-06-01,Sabah,104.5,1.85
2012-06-01,Sarawak,104.2,1.66
2012-06-01,Selangor,105.0,1.55
2012-06-01,Terengganu,105.2,1.35
2012-06-01,W.P. Kuala Lumpur,104.0,1.36
2012-06-01,W.P. Labuan,106.6,3.0
2012-06-01,W.P. Putrajaya,105.0,1.65
2012-07-01,Johor,105.1,1.45
2012-07-01,Kedah,104.9,1.55
2012-07-01,Kelantan,105.8,1.44
2012-07-01,Melaka,104.8,1.75
2012-07-01,Negeri Sembilan,105.0,0.86
2012-07-01,Pahang,105.0,1.65
2012-07-01,Perak,104.1,0.87
2012-07-01,Perlis,104.2,1.66
2012-07-01,Pulau Pinang,105.1,1.55
2012-07-01,Sabah,104.6,1.55
2012-07-01,Sarawak,104.4,1.75
2012-07-01,Selangor,105.0,1.35
2012-07-01,Terengganu,105.2,1.06
2012-07-01,W.P. Kuala Lumpur,104.1,1.26
2012-07-01,W.P. Labuan,106.6,2.6
2012-07-01,W.P. Putrajaya,104.9,1.55
2012-08-01,Johor,105.4,1.64
2012-08-01,Kedah,105.0,1.55
2012-08-01,Kelantan,106.1,1.43
2012-08-01,Melaka,105.0,1.94
2012-08-01,Negeri Sembilan,105.1,0.86
2012-08-01,Pahang,105.0,1.55
2012-08-01,Perak,104.1,0.77
2012-08-01,Perlis,104.3,1.66
2012-08-01,Pulau Pinang,105.1,1.25
2012-08-01,Sabah,104.9,1.45
2012-08-01,Sarawak,104.4,1.56
2012-08-01,Selangor,105.4,1.54
2012-08-01,Terengganu,105.1,0.77
2012-08-01,W.P. Kuala Lumpur,104.1,1.17
2012-08-01,W.P. Labuan,106.8,2.5
2012-08-01,W.P. Putrajaya,105.0,1.55
2012-09-01,Johor,105.6,1.64
2012-09-01,Kedah,105.3,1.54
2012-09-01,Kelantan,106.0,1.24
2012-09-01,Melaka,105.2,1.74
2012-09-01,Negeri Sembilan,105.3,0.86
2012-09-01,Pahang,105.3,1.64
2012-09-01,Perak,104.5,0.97
2012-09-01,Perlis,104.5,1.55
2012-09-01,Pulau Pinang,105.4,1.44
2012-09-01,Sabah,104.8,1.26
2012-09-01,Sarawak,104.7,1.65
2012-09-01,Selangor,105.6,1.54
2012-09-01,Terengganu,104.9,0.48
2012-09-01,W.P. Kuala Lumpur,104.3,1.16
2012-09-01,W.P. Labuan,107.1,2.59
2012-09-01,W.P. Putrajaya,105.2,1.35
2012-10-01,Johor,105.6,1.34
2012-10-01,Kedah,105.7,1.63
2012-10-01,Kelantan,105.9,1.05
2012-10-01,Melaka,105.3,1.64
2012-10-01,Negeri Sembilan,105.5,0.76
2012-10-01,Pahang,105.4,1.35
2012-10-01,Perak,104.7,0.87
2012-10-01,Perlis,104.6,1.26
2012-10-01,Pulau Pinang,105.6,1.34
2012-10-01,Sabah,105.1,1.45
2012-10-01,Sarawak,104.8,1.55
2012-10-01,Selangor,105.7,1.44
2012-10-01,Terengganu,105.0,0.48
2012-10-01,W.P. Kuala Lumpur,104.4,0.97
2012-10-01,W.P. Labuan,107.0,2.0
2012-10-01,W.P. Putrajaya,105.2,0.86
2012-11-01,Johor,105.8,1.54
2012-11-01,Kedah,105.6,1.44
2012-11-01,Kelantan,106.0,1.15
2012-11-01,Melaka,105.2,1.25
2012-11-01,Negeri Sembilan,105.5,0.86
2012-11-01,Pahang,105.8,1.73
2012-11-01,Perak,104.8,0.96
2012-11-01,Perlis,104.6,1.45
2012-11-01,Pulau Pinang,105.5,1.15
2012-11-01,Sabah,105.2,1.35
2012-11-01,Sarawak,104.9,1.45
2012-11-01,Selangor,105.8,1.34
2012-11-01,Terengganu,105.2,0.77
2012-11-01,W.P. Kuala Lumpur,104.5,0.97
2012-11-01,W.P. Labuan,107.5,2.19
2012-11-01,W.P. Putrajaya,105.3,0.96
2012-12-01,Johor,105.9,1.44
2012-12-01,Kedah,105.6,1.34
2012-12-01,Kelantan,106.1,0.95
2012-12-01,Melaka,105.3,1.15
2012-12-01,Negeri Sembilan,105.6,0.86
2012-12-01,Pahang,105.8,1.54
2012-12-01,Perak,104.7,0.77
2012-12-01,Perlis,104.7,1.65
2012-12-01,Pulau Pinang,105.5,0.96
2012-12-01,Sabah,105.2,1.25
2012-12-01,Sarawak,104.8,1.26
2012-12-01,Selangor,105.8,1.34
2012-12-01,Terengganu,105.4,0.76
2012-12-01,W.P. Kuala Lumpur,104.5,0.97
2012-12-01,W.P. Labuan,107.6,2.28
2012-12-01,W.P. Putrajaya,105.2,0.57
2013-01-01,Johor,106.5,1.43
2013-01-01,Kedah,106.3,1.63
2013-01-01,Kelantan,106.6,0.95
2013-01-01,Melaka,105.8,1.34
2013-01-01,Negeri Sembilan,106.0,1.05
2013-01-01,Pahang,106.4,1.92
2013-01-01,Perak,105.1,0.86
2013-01-01,Perlis,104.9,1.84
2013-01-01,Pulau Pinang,106.1,1.24
2013-01-01,Sabah,105.9,1.53
2013-01-01,Sarawak,105.1,1.25
2013-01-01,Selangor,106.2,1.53
2013-01-01,Terengganu,106.2,1.24
2013-01-01,W.P. Kuala Lumpur,104.7,0.87
2013-01-01,W.P. Labuan,108.0,2.27
2013-01-01,W.P. Putrajaya,105.4,0.57
2013-02-01,Johor,106.7,1.91
2013-02-01,Kedah,106.3,1.72
2013-02-01,Kelantan,106.8,1.42
2013-02-01,Melaka,105.8,1.54
2013-02-01,Negeri Sembilan,106.4,1.53
2013-02-01,Pahang,106.4,1.92
2013-02-01,Perak,105.4,1.35
2013-02-01,Perlis,104.8,0.77
2013-02-01,Pulau Pinang,106.3,1.53
2013-02-01,Sabah,106.4,1.92
2013-02-01,Sarawak,105.3,1.35
2013-02-01,Selangor,106.3,1.63
2013-02-01,Terengganu,106.1,1.43
2013-02-01,W.P. Kuala Lumpur,104.9,0.87
2013-02-01,W.P. Labuan,107.9,1.79
2013-02-01,W.P. Putrajaya,105.5,0.48
2013-03-01,Johor,106.7,2.11
2013-03-01,Kedah,106.4,2.01
2013-03-01,Kelantan,106.8,1.52
2013-03-01,Melaka,105.8,1.54
2013-03-01,Negeri Sembilan,106.5,1.82
2013-03-01,Pahang,106.7,2.2
2013-03-01,Perak,105.4,1.35
2013-03-01,Perlis,104.9,0.96
2013-03-01,Pulau Pinang,106.4,1.53
2013-03-01,Sabah,106.6,2.11
2013-03-01,Sarawak,105.6,1.44
2013-03-01,Selangor,106.6,1.91
2013-03-01,Terengganu,106.1,1.53
2013-03-01,W.P. Kuala Lumpur,104.9,0.96
2013-03-01,W.P. Labuan,108.5,2.46
2013-03-01,W.P. Putrajaya,106.0,0.95
2013-04-01,Johor,106.6,2.01
2013-04-01,Kedah,106.5,2.01
2013-04-01,Kelantan,106.9,1.71
2013-04-01,Melaka,105.9,1.63
2013-04-01,Negeri Sembilan,106.5,1.82
2013-04-01,Pahang,106.6,2.11
2013-04-01,Perak,105.4,1.54
2013-04-01,Perlis,105.0,1.06
2013-04-01,Pulau Pinang,106.4,1.62
2013-04-01,Sabah,106.4,2.11
2013-04-01,Sarawak,105.5,1.34
2013-04-01,Selangor,106.7,2.01
2013-04-01,Terengganu,106.1,1.63
2013-04-01,W.P. Kuala Lumpur,105.0,1.16
2013-04-01,W.P. Labuan,108.5,2.36
2013-04-01,W.P. Putrajaya,106.7,1.62
2013-05-01,Johor,106.9,1.91
2013-05-01,Kedah,106.7,1.81
2013-05-01,Kelantan,107.3,1.71
2013-05-01,Melaka,106.2,1.53
2013-05-01,Negeri Sembilan,106.7,1.81
2013-05-01,Pahang,106.9,2.0
2013-05-01,Perak,105.6,1.54
2013-05-01,Perlis,105.0,0.96
2013-05-01,Pulau Pinang,106.9,1.91
2013-05-01,Sabah,106.2,1.72
2013-05-01,Sarawak,105.7,1.54
2013-05-01,Selangor,107.1,2.1
2013-05-01,Terengganu,106.5,1.62
2013-05-01,W.P. Kuala Lumpur,105.2,1.15
2013-05-01,W.P. Labuan,108.6,1.97
2013-05-01,W.P. Putrajaya,106.5,1.33
2013-06-01,Johor,107.1,1.9
2013-06-01,Kedah,106.8,1.71
2013-06-01,Kelantan,107.8,1.7
2013-06-01,Melaka,106.3,1.53
2013-06-01,Negeri Sembilan,106.8,1.62
2013-06-01,Pahang,106.8,1.81
2013-06-01,Perak,105.7,1.44
2013-06-01,Perlis,104.9,0.67
2013-06-01,Pulau Pinang,107.0,1.71
2013-06-01,Sabah,106.3,1.72
2013-06-01,Sarawak,105.7,1.44
2013-06-01,Selangor,107.2,2.1
2013-06-01,Terengganu,106.7,1.43
2013-06-01,W.P. Kuala Lumpur,105.3,1.25
2013-06-01,W.P. Labuan,108.7,1.97
2013-06-01,W.P. Putrajaya,106.6,1.52
2013-07-01,Johor,107.4,2.19
2013-07-01,Kedah,107.1,2.1
2013-07-01,Kelantan,108.3,2.36
2013-07-01,Melaka,106.5,1.62
2013-07-01,Negeri Sembilan,107.0,1.9
2013-07-01,Pahang,107.0,1.9
2013-07-01,Perak,105.9,1.73
2013-07-01,Perlis,105.1,0.86
2013-07-01,Pulau Pinang,107.1,1.9
2013-07-01,Sabah,106.4,1.72
2013-07-01,Sarawak,106.0,1.53
2013-07-01,Selangor,107.4,2.29
2013-07-01,Terengganu,106.9,1.62
2013-07-01,W.P. Kuala Lumpur,105.4,1.25
2013-07-01,W.P. Labuan,109.0,2.25
2013-07-01,W.P. Putrajaya,106.7,1.72
2013-08-01,Johor,107.6,2.09
2013-08-01,Kedah,107.2,2.1
2013-08-01,Kelantan,108.3,2.07
2013-08-01,Melaka,106.6,1.52
2013-08-01,Negeri Sembilan,107.0,1.81
2013-08-01,Pahang,107.0,1.9
2013-08-01,Perak,106.0,1.83
2013-08-01,Perlis,105.8,1.44
2013-08-01,Pulau Pinang,107.1,1.9
2013-08-01,Sabah,106.5,1.53
2013-08-01,Sarawak,106.4,1.92
2013-08-01,Selangor,107.5,1.99
2013-08-01,Terengganu,106.8,1.62
2013-08-01,W.P. Kuala Lumpur,105.6,1.44
2013-08-01,W.P. Labuan,109.0,2.06
2013-08-01,W.P. Putrajaya,106.8,1.71
2013-09-01,Johor,108.7,2.94
2013-09-01,Kedah,108.3,2.85
2013-09-01,Kelantan,109.0,2.83
2013-09-01,Melaka,107.8,2.47
2013-09-01,Negeri Sembilan,108.2,2.75
2013-09-01,Pahang,108.2,2.75
2013-09-01,Perak,107.1,2.49
2013-09-01,Perlis,106.8,2.2
2013-09-01,Pulau Pinang,108.0,2.47
2013-09-01,Sabah,107.5,2.58
2013-09-01,Sarawak,107.3,2.48
2013-09-01,Selangor,108.1,2.37
2013-09-01,Terengganu,107.6,2.57
2013-09-01,W.P. Kuala Lumpur,106.6,2.21
2013-09-01,W.P. Labuan,110.2,2.89
2013-09-01,W.P. Putrajaya,108.1,2.76
2013-10-01,Johor,109.3,3.5
2013-10-01,Kedah,108.7,2.84
2013-10-01,Kelantan,109.4,3.31
2013-10-01,Melaka,107.9,2.47
2013-10-01,Negeri Sembilan,108.5,2.84
2013-10-01,Pahang,108.6,3.04
2013-10-01,Perak,107.5,2.67
2013-10-01,Perlis,107.8,3.06
2013-10-01,Pulau Pinang,108.4,2.65
2013-10-01,Sabah,107.8,2.57
2013-10-01,Sarawak,107.6,2.67
2013-10-01,Selangor,108.5,2.65
2013-10-01,Terengganu,107.9,2.76
2013-10-01,W.P. Kuala Lumpur,106.8,2.3
2013-10-01,W.P. Labuan,110.3,3.08
2013-10-01,W.P. Putrajaya,108.4,3.04
2013-11-01,Johor,109.5,3.5
2013-11-01,Kedah,108.7,2.94
2013-11-01,Kelantan,109.7,3.49
2013-11-01,Melaka,108.3,2.95
2013-11-01,Negeri Sembilan,108.8,3.13
2013-11-01,Pahang,108.9,2.93
2013-11-01,Perak,107.7,2.77
2013-11-01,Perlis,107.6,2.87
2013-11-01,Pulau Pinang,108.6,2.94
2013-11-01,Sabah,108.1,2.76
2013-11-01,Sarawak,108.0,2.96
2013-11-01,Selangor,108.9,2.93
2013-11-01,Terengganu,108.2,2.85
2013-11-01,W.P. Kuala Lumpur,107.1,2.49
2013-11-01,W.P. Labuan,112.4,4.56
2013-11-01,W.P. Putrajaya,108.6,3.13
2013-12-01,Johor,110.0,3.87
2013-12-01,Kedah,109.1,3.31
2013-12-01,Kelantan,110.2,3.86
2013-12-01,Melaka,108.6,3.13
2013-12-01,Negeri Sembilan,109.2,3.41
2013-12-01,Pahang,109.5,3.5
2013-12-01,Perak,108.0,3.15
2013-12-01,Perlis,107.9,3.06
2013-12-01,Pulau Pinang,109.0,3.32
2013-12-01,Sabah,108.1,2.76
2013-12-01,Sarawak,108.1,3.15
2013-12-01,Selangor,109.1,3.12
2013-12-01,Terengganu,108.7,3.13
2013-12-01,W.P. Kuala Lumpur,107.5,2.87
2013-12-01,W.P. Labuan,112.4,4.46
2013-12-01,W.P. Putrajaya,108.9,3.52
2014-01-01,Johor,110.5,3.76
2014-01-01,Kedah,109.7,3.2
2014-01-01,Kelantan,110.6,3.75
2014-01-01,Melaka,109.2,3.21
2014-01-01,Negeri Sembilan,109.5,3.3
2014-01-01,Pahang,109.9,3.29
2014-01-01,Perak,108.4,3.14
2014-01-01,Perlis,108.3,3.24
2014-01-01,Pulau Pinang,109.5,3.2
2014-01-01,Sabah,108.6,2.55
2014-01-01,Sarawak,108.9,3.62
2014-01-01,Selangor,109.9,3.48
2014-01-01,Terengganu,109.1,2.73
2014-01-01,W.P. Kuala Lumpur,108.0,3.15
2014-01-01,W.P. Labuan,112.9,4.54
2014-01-01,W.P. Putrajaya,109.3,3.7
2014-02-01,Johor,110.7,3.75
2014-02-01,Kedah,110.0,3.48
2014-02-01,Kelantan,110.8,3.75
2014-02-01,Melaka,109.5,3.5
2014-02-01,Negeri Sembilan,109.5,2.91
2014-02-01,Pahang,110.1,3.48
2014-02-01,Perak,108.5,2.94
2014-02-01,Perlis,107.8,2.86
2014-02-01,Pulau Pinang,110.0,3.48
2014-02-01,Sabah,108.8,2.26
2014-02-01,Sarawak,109.1,3.61
2014-02-01,Selangor,110.2,3.67
2014-02-01,Terengganu,109.2,2.92
2014-02-01,W.P. Kuala Lumpur,108.5,3.43
2014-02-01,W.P. Labuan,113.1,4.82
2014-02-01,W.P. Putrajaya,109.6,3.89
2014-03-01,Johor,110.8,3.84
2014-03-01,Kedah,110.2,3.57
2014-03-01,Kelantan,110.9,3.84
2014-03-01,Melaka,109.7,3.69
2014-03-01,Negeri Sembilan,109.6,2.91
2014-03-01,Pahang,110.2,3.28
2014-03-01,Perak,108.6,3.04
2014-03-01,Perlis,108.1,3.05
2014-03-01,Pulau Pinang,110.0,3.38
2014-03-01,Sabah,108.8,2.06
2014-03-01,Sarawak,109.1,3.31
2014-03-01,Selangor,110.3,3.47
2014-03-01,Terengganu,109.3,3.02
2014-03-01,W.P. Kuala Lumpur,108.7,3.62
2014-03-01,W.P. Labuan,113.1,4.24
2014-03-01,W.P. Putrajaya,109.7,3.49
2014-04-01,Johor,110.9,4.03
2014-04-01,Kedah,110.1,3.38
2014-04-01,Kelantan,110.9,3.74
2014-04-01,Melaka,109.6,3.49
2014-04-01,Negeri Sembilan,109.7,3.0
2014-04-01,Pahang,110.3,3.47
2014-04-01,Perak,108.5,2.94
2014-04-01,Perlis,107.9,2.76
2014-04-01,Pulau Pinang,110.2,3.57
2014-04-01,Sabah,108.6,2.07
2014-04-01,Sarawak,109.2,3.51
2014-04-01,Selangor,110.3,3.37
2014-04-01,Terengganu,109.2,2.92
2014-04-01,W.P. Kuala Lumpur,108.8,3.62
2014-04-01,W.P. Labuan,112.9,4.06
2014-04-01,W.P. Putrajaya,110.1,3.19
2014-05-01,Johor,111.0,3.84
2014-05-01,Kedah,110.0,3.09
2014-05-01,Kelantan,111.1,3.54
2014-05-01,Melaka,109.8,3.39
2014-05-01,Negeri Sembilan,109.8,2.91
2014-05-01,Pahang,110.4,3.27
2014-05-01,Perak,108.6,2.84
2014-05-01,Perlis,107.8,2.67
2014-05-01,Pulau Pinang,110.5,3.37
2014-05-01,Sabah,108.6,2.26
2014-05-01,Sarawak,109.0,3.12
2014-05-01,Selangor,110.8,3.45
2014-05-01,Terengganu,109.4,2.72
2014-05-01,W.P. Kuala Lumpur,108.9,3.52
2014-05-01,W.P. Labuan,112.9,3.96
2014-05-01,W.P. Putrajaya,110.3,3.57
2014-06-01,Johor,111.2,3.83
2014-06-01,Kedah,110.1,3.09
2014-06-01,Kelantan,111.3,3.25
2014-06-01,Melaka,109.9,3.39
2014-06-01,Negeri Sembilan,110.0,3.0
2014-06-01,Pahang,110.4,3.37
2014-06-01,Perak,108.8,2.93
2014-06-01,Perlis,108.0,2.96
2014-06-01,Pulau Pinang,110.5,3.27
2014-06-01,Sabah,108.7,2.26
2014-06-01,Sarawak,109.1,3.22
2014-06-01,Selangor,111.0,3.54
2014-06-01,Terengganu,109.7,2.81
2014-06-01,W.P. Kuala Lumpur,109.1,3.61
2014-06-01,W.P. Labuan,112.8,3.77
2014-06-01,W.P. Putrajaya,110.5,3.66
2014-07-01,Johor,111.4,3.72
2014-07-01,Kedah,110.3,2.99
2014-07-01,Kelantan,111.8,3.23
2014-07-01,Melaka,110.0,3.29
2014-07-01,Negeri Sembilan,110.1,2.9
2014-07-01,Pahang,110.3,3.08
2014-07-01,Perak,108.9,2.83
2014-07-01,Perlis,108.1,2.85
2014-07-01,Pulau Pinang,110.7,3.36
2014-07-01,Sabah,108.6,2.07
2014-07-01,Sarawak,109.1,2.92
2014-07-01,Selangor,111.0,3.35
2014-07-01,Terengganu,110.0,2.9
2014-07-01,W.P. Kuala Lumpur,109.2,3.61
2014-07-01,W.P. Labuan,112.7,3.39
2014-07-01,W.P. Putrajaya,110.4,3.47
2014-08-01,Johor,111.8,3.9
2014-08-01,Kedah,110.4,2.99
2014-08-01,Kelantan,111.8,3.23
2014-08-01,Melaka,110.3,3.47
2014-08-01,Negeri Sembilan,110.5,3.27
2014-08-01,Pahang,110.5,3.27
2014-08-01,Perak,109.0,2.83
2014-08-01,Perlis,108.1,2.17
2014-08-01,Pulau Pinang,110.8,3.45
2014-08-01,Sabah,108.7,2.07
2014-08-01,Sarawak,109.3,2.73
2014-08-01,Selangor,111.2,3.44
2014-08-01,Terengganu,109.9,2.9
2014-08-01,W.P. Kuala Lumpur,109.6,3.79
2014-08-01,W.P. Labuan,112.9,3.58
2014-08-01,W.P. Putrajaya,110.6,3.56
2014-09-01,Johor,112.0,3.04
2014-09-01,Kedah,110.6,2.12
2014-09-01,Kelantan,111.8,2.57
2014-09-01,Melaka,110.4,2.41
2014-09-01,Negeri Sembilan,110.7,2.31
2014-09-01,Pahang,110.5,2.13
2014-09-01,Perak,109.1,1.87
2014-09-01,Perlis,108.1,1.22
2014-09-01,Pulau Pinang,110.9,2.69
2014-09-01,Sabah,108.9,1.3
2014-09-01,Sarawak,109.5,2.05
2014-09-01,Selangor,111.4,3.05
2014-09-01,Terengganu,109.8,2.04
2014-09-01,W.P. Kuala Lumpur,109.7,2.91
2014-09-01,W.P. Labuan,112.9,2.45
2014-09-01,W.P. Putrajaya,110.7,2.41
2014-10-01,Johor,112.7,3.11
2014-10-01,Kedah,111.4,2.48
2014-10-01,Kelantan,112.5,2.83
2014-10-01,Melaka,111.0,2.87
2014-10-01,Negeri Sembilan,111.6,2.86
2014-10-01,Pahang,111.2,2.39
2014-10-01,Perak,109.9,2.23
2014-10-01,Perlis,108.8,0.93
2014-10-01,Pulau Pinang,111.6,2.95
2014-10-01,Sabah,109.4,1.48
2014-10-01,Sarawak,110.0,2.23
2014-10-01,Selangor,112.2,3.41
2014-10-01,Terengganu,110.5,2.41
2014-10-01,W.P. Kuala Lumpur,110.2,3.18
2014-10-01,W.P. Labuan,114.0,3.35
2014-10-01,W.P. Putrajaya,111.6,2.95
2014-11-01,Johor,113.4,3.56
2014-11-01,Kedah,111.7,2.76
2014-11-01,Kelantan,112.8,2.83
2014-11-01,Melaka,111.6,3.05
2014-11-01,Negeri Sembilan,112.1,3.03
2014-11-01,Pahang,111.6,2.48
2014-11-01,Perak,110.2,2.32
2014-11-01,Perlis,109.3,1.58
2014-11-01,Pulau Pinang,112.1,3.22
2014-11-01,Sabah,109.8,1.57
2014-11-01,Sarawak,110.5,2.31
2014-11-01,Selangor,112.9,3.67
2014-11-01,Terengganu,110.8,2.4
2014-11-01,W.P. Kuala Lumpur,110.8,3.45
2014-11-01,W.P. Labuan,114.2,1.6
2014-11-01,W.P. Putrajaya,112.1,3.22
2014-12-01,Johor,113.3,3.0
2014-12-01,Kedah,111.6,2.29
2014-12-01,Kelantan,113.1,2.63
2014-12-01,Melaka,111.5,2.67
2014-12-01,Negeri Sembilan,112.1,2.66
2014-12-01,Pahang,111.6,1.92
2014-12-01,Perak,110.1,1.94
2014-12-01,Perlis,109.1,1.11
2014-12-01,Pulau Pinang,112.0,2.75
2014-12-01,Sabah,109.8,1.57
2014-12-01,Sarawak,110.5,2.22
2014-12-01,Selangor,112.7,3.3
2014-12-01,Terengganu,110.8,1.93
2014-12-01,W.P. Kuala Lumpur,110.6,2.88
2014-12-01,W.P. Labuan,113.9,1.33
2014-12-01,W.P. Putrajaya,111.7,2.57
2015-01-01,Johor,112.2,1.54
2015-01-01,Kedah,110.4,0.64
2015-01-01,Kelantan,111.8,1.08
2015-01-01,Melaka,110.4,1.1
2015-01-01,Negeri Sembilan,110.8,1.19
2015-01-01,Pahang,110.7,0.73
2015-01-01,Perak,108.9,0.46
2015-01-01,Perlis,107.2,-1.02
2015-01-01,Pulau Pinang,111.1,1.46
2015-01-01,Sabah,108.2,-0.37
2015-01-01,Sarawak,108.8,-0.09
2015-01-01,Selangor,111.6,1.55
2015-01-01,Terengganu,109.6,0.46
2015-01-01,W.P. Kuala Lumpur,109.7,1.57
2015-01-01,W.P. Labuan,112.4,-0.44
2015-01-01,W.P. Putrajaya,110.0,0.64
2015-02-01,Johor,111.1,0.36
2015-02-01,Kedah,109.6,-0.36
2015-02-01,Kelantan,110.8,0.0
2015-02-01,Melaka,109.8,0.27
2015-02-01,Negeri Sembilan,109.8,0.27
2015-02-01,Pahang,109.6,-0.45
2015-02-01,Perak,108.0,-0.46
2015-02-01,Perlis,106.4,-1.3
2015-02-01,Pulau Pinang,110.4,0.36
2015-02-01,Sabah,107.8,-0.92
2015-02-01,Sarawak,108.4,-0.64
2015-02-01,Selangor,110.9,0.64
2015-02-01,Terengganu,108.5,-0.64
2015-02-01,W.P. Kuala Lumpur,109.3,0.74
2015-02-01,W.P. Labuan,112.3,-0.71
2015-02-01,W.P. Putrajaya,108.9,-0.64
2015-03-01,Johor,112.3,1.35
2015-03-01,Kedah,110.7,0.45
2015-03-01,Kelantan,111.6,0.63
2015-03-01,Melaka,110.8,1.0
2015-03-01,Negeri Sembilan,111.1,1.37
2015-03-01,Pahang,110.6,0.36
2015-03-01,Perak,109.1,0.46
2015-03-01,Perlis,107.7,-0.37
2015-03-01,Pulau Pinang,111.3,1.18
2015-03-01,Sabah,108.6,-0.18
2015-03-01,Sarawak,109.3,0.18
2015-03-01,Selangor,111.9,1.45
2015-03-01,Terengganu,109.4,0.09
2015-03-01,W.P. Kuala Lumpur,110.4,1.56
2015-03-01,W.P. Labuan,113.5,0.35
2015-03-01,W.P. Putrajaya,110.4,0.64
2015-04-01,Johor,113.6,2.43
2015-04-01,Kedah,111.5,1.27
2015-04-01,Kelantan,112.8,1.71
2015-04-01,Melaka,111.4,1.64
2015-04-01,Negeri Sembilan,112.1,2.19
2015-04-01,Pahang,111.6,1.18
2015-04-01,Perak,110.1,1.47
2015-04-01,Perlis,108.7,0.74
2015-04-01,Pulau Pinang,112.6,2.18
2015-04-01,Sabah,109.6,0.92
2015-04-01,Sarawak,110.5,1.19
2015-04-01,Selangor,113.5,2.9
2015-04-01,Terengganu,110.7,1.37
2015-04-01,W.P. Kuala Lumpur,111.6,2.57
2015-04-01,W.P. Labuan,113.8,0.8
2015-04-01,W.P. Putrajaya,111.1,0.91
2015-05-01,Johor,114.0,2.7
2015-05-01,Kedah,112.2,2.0
2015-05-01,Kelantan,113.2,1.89
2015-05-01,Melaka,111.7,1.73
2015-05-01,Negeri Sembilan,112.5,2.46
2015-05-01,Pahang,111.9,1.36
2015-05-01,Perak,110.5,1.75
2015-05-01,Perlis,108.8,0.93
2015-05-01,Pulau Pinang,112.9,2.17
2015-05-01,Sabah,109.7,1.01
2015-05-01,Sarawak,110.6,1.47
2015-05-01,Selangor,113.4,2.35
2015-05-01,Terengganu,111.2,1.65
2015-05-01,W.P. Kuala Lumpur,111.9,2.75
2015-05-01,W.P. Labuan,113.9,0.89
2015-05-01,W.P. Putrajaya,111.8,1.36
2015-06-01,Johor,114.9,3.33
2015-06-01,Kedah,112.8,2.45
2015-06-01,Kelantan,113.9,2.34
2015-06-01,Melaka,112.6,2.46
2015-06-01,Negeri Sembilan,113.4,3.09
2015-06-01,Pahang,112.6,1.99
2015-06-01,Perak,111.2,2.21
2015-06-01,Perlis,109.7,1.57
2015-06-01,Pulau Pinang,113.5,2.71
2015-06-01,Sabah,110.1,1.29
2015-06-01,Sarawak,111.1,1.83
2015-06-01,Selangor,114.2,2.88
2015-06-01,Terengganu,111.8,1.91
2015-06-01,W.P. Kuala Lumpur,112.6,3.21
2015-06-01,W.P. Labuan,114.5,1.51
2015-06-01,W.P. Putrajaya,112.6,1.9
2015-07-01,Johor,115.9,4.04
2015-07-01,Kedah,113.7,3.08
2015-07-01,Kelantan,115.3,3.13
2015-07-01,Melaka,113.5,3.18
2015-07-01,Negeri Sembilan,114.4,3.91
2015-07-01,Pahang,113.2,2.63
2015-07-01,Perak,111.9,2.75
2015-07-01,Perlis,110.8,2.5
2015-07-01,Pulau Pinang,114.4,3.34
2015-07-01,Sabah,110.6,1.84
2015-07-01,Sarawak,111.8,2.47
2015-07-01,Selangor,115.1,3.69
2015-07-01,Terengganu,113.1,2.82
2015-07-01,W.P. Kuala Lumpur,113.4,3.85
2015-07-01,W.P. Labuan,115.3,2.31
2015-07-01,W.P. Putrajaya,114.4,3.62
2015-08-01,Johor,116.3,4.03
2015-08-01,Kedah,113.5,2.81
2015-08-01,Kelantan,114.6,2.5
2015-08-01,Melaka,113.2,2.63
2015-08-01,Negeri Sembilan,114.3,3.44
2015-08-01,Pahang,113.2,2.44
2015-08-01,Perak,111.7,2.48
2015-08-01,Perlis,110.1,1.85
2015-08-01,Pulau Pinang,114.5,3.34
2015-08-01,Sabah,110.7,1.84
2015-08-01,Sarawak,111.9,2.38
2015-08-01,Selangor,115.1,3.51
2015-08-01,Terengganu,112.4,2.27
2015-08-01,W.P. Kuala Lumpur,113.5,3.56
2015-08-01,W.P. Labuan,116.5,3.19
2015-08-01,W.P. Putrajaya,114.5,3.53
2015-09-01,Johor,115.9,3.48
2015-09-01,Kedah,113.4,2.53
2015-09-01,Kelantan,114.1,2.06
2015-09-01,Melaka,113.3,2.63
2015-09-01,Negeri Sembilan,114.1,3.07
2015-09-01,Pahang,113.0,2.26
2015-09-01,Perak,111.5,2.2
2015-09-01,Perlis,109.9,1.67
2015-09-01,Pulau Pinang,114.3,3.07
2015-09-01,Sabah,110.1,1.1
2015-09-01,Sarawak,111.6,1.92
2015-09-01,Selangor,114.8,3.05
2015-09-01,Terengganu,112.1,2.09
2015-09-01,W.P. Kuala Lumpur,113.3,3.28
2015-09-01,W.P. Labuan,116.0,2.75
2015-09-01,W.P. Putrajaya,114.1,3.07
2015-10-01,Johor,116.5,3.37
2015-10-01,Kedah,113.9,2.24
2015-10-01,Kelantan,114.5,1.78
2015-10-01,Melaka,113.6,2.34
2015-10-01,Negeri Sembilan,114.6,2.69
2015-10-01,Pahang,113.6,2.16
2015-10-01,Perak,112.1,2.0
2015-10-01,Perlis,110.4,1.47
2015-10-01,Pulau Pinang,114.9,2.96
2015-10-01,Sabah,110.7,1.19
2015-10-01,Sarawak,112.1,1.91
2015-10-01,Selangor,115.3,2.76
2015-10-01,Terengganu,112.5,1.81
2015-10-01,W.P. Kuala Lumpur,113.8,3.27
2015-10-01,W.P. Labuan,116.5,2.19
2015-10-01,W.P. Putrajaya,114.8,2.87
2015-11-01,Johor,117.5,3.62
2015-11-01,Kedah,114.2,2.24
2015-11-01,Kelantan,115.2,2.13
2015-11-01,Melaka,114.3,2.42
2015-11-01,Negeri Sembilan,115.4,2.94
2015-11-01,Pahang,114.2,2.33
2015-11-01,Perak,112.5,2.09
2015-11-01,Perlis,111.1,1.65
2015-11-01,Pulau Pinang,115.6,3.12
2015-11-01,Sabah,111.0,1.09
2015-11-01,Sarawak,112.7,1.99
2015-11-01,Selangor,116.2,2.92
2015-11-01,Terengganu,112.9,1.9
2015-11-01,W.P. Kuala Lumpur,114.4,3.25
2015-11-01,W.P. Labuan,116.6,2.1
2015-11-01,W.P. Putrajaya,115.7,3.21
2015-12-01,Johor,117.6,3.8
2015-12-01,Kedah,114.1,2.24
2015-12-01,Kelantan,115.1,1.77
2015-12-01,Melaka,114.2,2.42
2015-12-01,Negeri Sembilan,115.4,2.94
2015-12-01,Pahang,114.4,2.51
2015-12-01,Perak,112.4,2.09
2015-12-01,Perlis,110.6,1.37
2015-12-01,Pulau Pinang,115.5,3.13
2015-12-01,Sabah,110.9,1.0
2015-12-01,Sarawak,112.5,1.81
2015-12-01,Selangor,116.2,3.11
2015-12-01,Terengganu,112.9,1.9
2015-12-01,W.P. Kuala Lumpur,114.5,3.53
2015-12-01,W.P. Labuan,116.2,2.02
2015-12-01,W.P. Putrajaya,115.4,3.31
2016-01-01,Johor,117.4,4.63
2016-01-01,Kedah,114.0,3.26
2016-01-01,Kelantan,114.9,2.77
2016-01-01,Melaka,114.1,3.35
2016-01-01,Negeri Sembilan,114.9,3.7
2016-01-01,Pahang,114.0,2.98
2016-01-01,Perak,112.1,2.94
2016-01-01,Perlis,110.4,2.99
2016-01-01,Pulau Pinang,115.5,3.96
2016-01-01,Sabah,110.3,1.94
2016-01-01,Sarawak,112.2,3.13
2016-01-01,Selangor,115.9,3.85
2016-01-01,Terengganu,112.8,2.92
2016-01-01,W.P. Kuala Lumpur,114.2,4.1
2016-01-01,W.P. Labuan,115.7,2.94
2016-01-01,W.P. Putrajaya,115.4,4.91
2016-02-01,Johor,117.2,5.49
2016-02-01,Kedah,113.6,3.65
2016-02-01,Kelantan,114.9,3.7
2016-02-01,Melaka,114.1,3.92
2016-02-01,Negeri Sembilan,114.7,4.46
2016-02-01,Pahang,113.9,3.92
2016-02-01,Perak,111.9,3.61
2016-02-01,Perlis,110.4,3.76
2016-02-01,Pulau Pinang,115.6,4.71
2016-02-01,Sabah,110.0,2.04
2016-02-01,Sarawak,112.1,3.41
2016-02-01,Selangor,115.9,4.51
2016-02-01,Terengganu,112.6,3.78
2016-02-01,W.P. Kuala Lumpur,114.6,4.85
2016-02-01,W.P. Labuan,114.9,2.32
2016-02-01,W.P. Putrajaya,115.3,5.88
2016-03-01,Johor,116.5,3.74
2016-03-01,Kedah,113.0,2.08
2016-03-01,Kelantan,114.0,2.15
2016-03-01,Melaka,113.4,2.35
2016-03-01,Negeri Sembilan,113.9,2.52
2016-03-01,Pahang,113.3,2.44
2016-03-01,Perak,111.2,1.92
2016-03-01,Perlis,109.6,1.76
2016-03-01,Pulau Pinang,115.1,3.41
2016-03-01,Sabah,109.6,0.92
2016-03-01,Sarawak,111.7,2.2
2016-03-01,Selangor,115.1,2.86
2016-03-01,Terengganu,111.8,2.19
2016-03-01,W.P. Kuala Lumpur,114.1,3.35
2016-03-01,W.P. Labuan,114.5,0.88
2016-03-01,W.P. Putrajaya,114.7,3.89
2016-04-01,Johor,117.1,3.08
2016-04-01,Kedah,113.5,1.79
2016-04-01,Kelantan,114.3,1.33
2016-04-01,Melaka,113.9,2.24
2016-04-01,Negeri Sembilan,114.5,2.14
2016-04-01,Pahang,113.7,1.88
2016-04-01,Perak,111.7,1.45
2016-04-01,Perlis,109.8,1.01
2016-04-01,Pulau Pinang,115.5,2.58
2016-04-01,Sabah,110.1,0.46
2016-04-01,Sarawak,112.3,1.63
2016-04-01,Selangor,115.6,1.85
2016-04-01,Terengganu,112.1,1.26
2016-04-01,W.P. Kuala Lumpur,114.5,2.6
2016-04-01,W.P. Labuan,114.6,0.7
2016-04-01,W.P. Putrajaya,115.1,3.6
2016-05-01,Johor,117.4,2.98
2016-05-01,Kedah,113.7,1.34
2016-05-01,Kelantan,114.7,1.33
2016-05-01,Melaka,114.1,2.15
2016-05-01,Negeri Sembilan,114.7,1.96
2016-05-01,Pahang,113.9,1.79
2016-05-01,Perak,111.9,1.27
2016-05-01,Perlis,110.1,1.19
2016-05-01,Pulau Pinang,115.6,2.39
2016-05-01,Sabah,110.2,0.46
2016-05-01,Sarawak,112.3,1.54
2016-05-01,Selangor,116.0,2.29
2016-05-01,Terengganu,112.5,1.17
2016-05-01,W.P. Kuala Lumpur,114.9,2.68
2016-05-01,W.P. Labuan,115.1,1.05
2016-05-01,W.P. Putrajaya,115.0,2.86
2016-06-01,Johor,117.6,2.35
2016-06-01,Kedah,114.0,1.06
2016-06-01,Kelantan,115.3,1.23
2016-06-01,Melaka,114.3,1.51
2016-06-01,Negeri Sembilan,115.0,1.41
2016-06-01,Pahang,114.1,1.33
2016-06-01,Perak,112.0,0.72
2016-06-01,Perlis,110.7,0.91
2016-06-01,Pulau Pinang,115.8,2.03
2016-06-01,Sabah,110.2,0.09
2016-06-01,Sarawak,112.3,1.08
2016-06-01,Selangor,116.2,1.75
2016-06-01,Terengganu,113.0,1.07
2016-06-01,W.P. Kuala Lumpur,114.9,2.04
2016-06-01,W.P. Labuan,115.1,0.52
2016-06-01,W.P. Putrajaya,115.0,2.13
2016-07-01,Johor,118.1,1.9
2016-07-01,Kedah,114.4,0.62
2016-07-01,Kelantan,115.8,0.43
2016-07-01,Melaka,114.7,1.06
2016-07-01,Negeri Sembilan,115.4,0.87
2016-07-01,Pahang,114.5,1.15
2016-07-01,Perak,112.3,0.36
2016-07-01,Perlis,111.3,0.45
2016-07-01,Pulau Pinang,116.1,1.49
2016-07-01,Sabah,110.5,-0.09
2016-07-01,Sarawak,112.5,0.63
2016-07-01,Selangor,116.6,1.3
2016-07-01,Terengganu,113.5,0.35
2016-07-01,W.P. Kuala Lumpur,115.1,1.5
2016-07-01,W.P. Labuan,115.1,-0.17
2016-07-01,W.P. Putrajaya,115.4,0.87
2016-08-01,Johor,118.5,1.89
2016-08-01,Kedah,114.8,1.15
2016-08-01,Kelantan,115.8,1.05
2016-08-01,Melaka,115.0,1.59
2016-08-01,Negeri Sembilan,115.9,1.4
2016-08-01,Pahang,114.8,1.41
2016-08-01,Perak,112.6,0.81
2016-08-01,Perlis,111.2,1.0
2016-08-01,Pulau Pinang,116.5,1.75
2016-08-01,Sabah,110.8,0.09
2016-08-01,Sarawak,112.8,0.8
2016-08-01,Selangor,117.1,1.74
2016-08-01,Terengganu,113.5,0.98
2016-08-01,W.P. Kuala Lumpur,116.3,2.47
2016-08-01,W.P. Labuan,115.3,-1.03
2016-08-01,W.P. Putrajaya,115.7,1.05
2016-09-01,Johor,118.2,1.98
2016-09-01,Kedah,114.5,0.97
2016-09-01,Kelantan,115.5,1.23
2016-09-01,Melaka,114.6,1.15
2016-09-01,Negeri Sembilan,115.5,1.23
2016-09-01,Pahang,114.5,1.33
2016-09-01,Perak,112.3,0.72
2016-09-01,Perlis,110.8,0.82
2016-09-01,Pulau Pinang,116.2,1.66
2016-09-01,Sabah,110.6,0.45
2016-09-01,Sarawak,112.7,0.99
2016-09-01,Selangor,116.9,1.83
2016-09-01,Terengganu,113.1,0.89
2016-09-01,W.P. Kuala Lumpur,116.1,2.47
2016-09-01,W.P. Labuan,115.1,-0.78
2016-09-01,W.P. Putrajaya,115.4,1.14
2016-10-01,Johor,118.5,1.72
2016-10-01,Kedah,114.9,0.88
2016-10-01,Kelantan,115.5,0.87
2016-10-01,Melaka,115.0,1.23
2016-10-01,Negeri Sembilan,116.0,1.22
2016-10-01,Pahang,114.7,0.97
2016-10-01,Perak,112.7,0.54
2016-10-01,Perlis,111.1,0.63
2016-10-01,Pulau Pinang,116.7,1.57
2016-10-01,Sabah,111.0,0.27
2016-10-01,Sarawak,113.1,0.89
2016-10-01,Selangor,117.2,1.65
2016-10-01,Terengganu,113.2,0.62
2016-10-01,W.P. Kuala Lumpur,116.3,2.2
2016-10-01,W.P. Labuan,115.4,-0.94
2016-10-01,W.P. Putrajaya,115.7,0.78
2016-11-01,Johor,119.7,1.87
2016-11-01,Kedah,115.8,1.4
2016-11-01,Kelantan,116.7,1.3
2016-11-01,Melaka,116.2,1.66
2016-11-01,Negeri Sembilan,117.2,1.56
2016-11-01,Pahang,115.9,1.49
2016-11-01,Perak,113.7,1.07
2016-11-01,Perlis,112.2,0.99
2016-11-01,Pulau Pinang,118.0,2.08
2016-11-01,Sabah,112.1,0.99
2016-11-01,Sarawak,113.9,1.06
2016-11-01,Selangor,118.4,1.89
2016-11-01,Terengganu,114.1,1.06
2016-11-01,W.P. Kuala Lumpur,117.5,2.71
2016-11-01,W.P. Labuan,116.2,-0.34
2016-11-01,W.P. Putrajaya,116.3,0.52
2016-12-01,Johor,119.7,1.79
2016-12-01,Kedah,116.0,1.67
2016-12-01,Kelantan,116.8,1.48
2016-12-01,Melaka,116.4,1.93
2016-12-01,Negeri Sembilan,117.2,1.56
2016-12-01,Pahang,115.8,1.22
2016-12-01,Perak,113.7,1.16
2016-12-01,Perlis,112.8,1.99
2016-12-01,Pulau Pinang,118.0,2.16
2016-12-01,Sabah,112.1,1.08
2016-12-01,Sarawak,113.7,1.07
2016-12-01,Selangor,118.4,1.89
2016-12-01,Terengganu,114.2,1.15
2016-12-01,W.P. Kuala Lumpur,117.4,2.53
2016-12-01,W.P. Labuan,115.9,-0.26
2016-12-01,W.P. Putrajaya,116.4,0.87
2017-01-01,Johor,121.4,3.41
2017-01-01,Kedah,117.6,3.16
2017-01-01,Kelantan,118.3,2.96
2017-01-01,Melaka,117.8,3.24
2017-01-01,Negeri Sembilan,118.7,3.31
2017-01-01,Pahang,116.8,2.46
2017-01-01,Perak,114.9,2.5
2017-01-01,Perlis,114.6,3.8
2017-01-01,Pulau Pinang,119.4,3.38
2017-01-01,Sabah,113.2,2.63
2017-01-01,Sarawak,114.8,2.32
2017-01-01,Selangor,119.6,3.19
2017-01-01,Terengganu,115.6,2.48
2017-01-01,W.P. Kuala Lumpur,118.3,3.59
2017-01-01,W.P. Labuan,116.5,0.69
2017-01-01,W.P. Putrajaya,117.8,2.08
2017-02-01,Johor,123.2,5.12
2017-02-01,Kedah,119.1,4.84
2017-02-01,Kelantan,119.5,4.0
2017-02-01,Melaka,119.4,4.65
2017-02-01,Negeri Sembilan,120.6,5.14
2017-02-01,Pahang,118.3,3.86
2017-02-01,Perak,116.3,3.93
2017-02-01,Perlis,116.0,5.07
2017-02-01,Pulau Pinang,120.8,4.5
2017-02-01,Sabah,113.5,3.18
2017-02-01,Sarawak,115.9,3.39
2017-02-01,Selangor,121.5,4.83
2017-02-01,Terengganu,116.9,3.82
2017-02-01,W.P. Kuala Lumpur,120.0,4.71
2017-02-01,W.P. Labuan,117.7,2.44
2017-02-01,W.P. Putrajaya,118.8,3.04
2017-03-01,Johor,123.0,5.58
2017-03-01,Kedah,119.0,5.31
2017-03-01,Kelantan,119.3,4.65
2017-03-01,Melaka,119.2,5.11
2017-03-01,Negeri Sembilan,120.4,5.71
2017-03-01,Pahang,118.1,4.24
2017-03-01,Perak,116.1,4.41
2017-03-01,Perlis,115.5,5.38
2017-03-01,Pulau Pinang,120.7,4.87
2017-03-01,Sabah,114.2,4.2
2017-03-01,Sarawak,116.1,3.94
2017-03-01,Selangor,121.2,5.3
2017-03-01,Terengganu,116.5,4.2
2017-03-01,W.P. Kuala Lumpur,119.7,4.91
2017-03-01,W.P. Labuan,117.6,2.71
2017-03-01,W.P. Putrajaya,118.6,3.4
2017-04-01,Johor,122.8,4.87
2017-04-01,Kedah,118.6,4.49
2017-04-01,Kelantan,118.7,3.85
2017-04-01,Melaka,119.1,4.57
2017-04-01,Negeri Sembilan,120.0,4.8
2017-04-01,Pahang,117.8,3.61
2017-04-01,Perak,115.7,3.58
2017-04-01,Perlis,115.1,4.83
2017-04-01,Pulau Pinang,120.5,4.33
2017-04-01,Sabah,113.9,3.45
2017-04-01,Sarawak,115.9,3.21
2017-04-01,Selangor,121.0,4.67
2017-04-01,Terengganu,115.9,3.39
2017-04-01,W.P. Kuala Lumpur,119.5,4.37
2017-04-01,W.P. Labuan,117.5,2.53
2017-04-01,W.P. Putrajaya,118.6,3.04
2017-05-01,Johor,122.3,4.17
2017-05-01,Kedah,118.3,4.05
2017-05-01,Kelantan,118.7,3.49
2017-05-01,Melaka,118.9,4.21
2017-05-01,Negeri Sembilan,119.6,4.27
2017-05-01,Pahang,117.5,3.16
2017-05-01,Perak,115.4,3.13
2017-05-01,Perlis,114.8,4.27
2017-05-01,Pulau Pinang,120.6,4.33
2017-05-01,Sabah,113.7,3.18
2017-05-01,Sarawak,115.5,2.85
2017-05-01,Selangor,120.8,4.14
2017-05-01,Terengganu,115.7,2.84
2017-05-01,W.P. Kuala Lumpur,119.6,4.09
2017-05-01,W.P. Labuan,117.2,1.82
2017-05-01,W.P. Putrajaya,118.3,2.87
2017-06-01,Johor,122.2,3.91
2017-06-01,Kedah,118.1,3.6
2017-06-01,Kelantan,118.6,2.86
2017-06-01,Melaka,118.7,3.85
2017-06-01,Negeri Sembilan,119.3,3.74
2017-06-01,Pahang,117.2,2.72
2017-06-01,Perak,115.1,2.77
2017-06-01,Perlis,114.5,3.43
2017-06-01,Pulau Pinang,120.3,3.89
2017-06-01,Sabah,113.4,2.9
2017-06-01,Sarawak,115.2,2.58
2017-06-01,Selangor,120.5,3.7
2017-06-01,Terengganu,115.6,2.3
2017-06-01,W.P. Kuala Lumpur,119.2,3.74
2017-06-01,W.P. Labuan,116.8,1.48
2017-06-01,W.P. Putrajaya,118.0,2.61
2017-07-01,Johor,122.1,3.39
2017-07-01,Kedah,118.0,3.15
2017-07-01,Kelantan,118.7,2.5
2017-07-01,Melaka,118.6,3.4
2017-07-01,Negeri Sembilan,119.2,3.29
2017-07-01,Pahang,117.2,2.36
2017-07-01,Perak,115.2,2.58
2017-07-01,Perlis,114.1,2.52
2017-07-01,Pulau Pinang,120.4,3.7
2017-07-01,Sabah,113.6,2.81
2017-07-01,Sarawak,115.2,2.4
2017-07-01,Selangor,120.5,3.34
2017-07-01,Terengganu,115.8,2.03
2017-07-01,W.P. Kuala Lumpur,119.1,3.48
2017-07-01,W.P. Labuan,117.0,1.65
2017-07-01,W.P. Putrajaya,118.0,2.25
2017-08-01,Johor,123.3,4.05
2017-08-01,Kedah,119.1,3.75
2017-08-01,Kelantan,119.7,3.37
2017-08-01,Melaka,119.6,4.0
2017-08-01,Negeri Sembilan,120.3,3.8
2017-08-01,Pahang,118.1,2.87
2017-08-01,Perak,116.1,3.11
2017-08-01,Perlis,115.3,3.69
2017-08-01,Pulau Pinang,121.1,3.95
2017-08-01,Sabah,114.3,3.16
2017-08-01,Sarawak,116.0,2.84
2017-08-01,Selangor,121.8,4.01
2017-08-01,Terengganu,116.6,2.73
2017-08-01,W.P. Kuala Lumpur,120.1,3.27
2017-08-01,W.P. Labuan,117.7,2.08
2017-08-01,W.P. Putrajaya,118.7,2.59
2017-09-01,Johor,123.7,4.65
2017-09-01,Kedah,119.5,4.37
2017-09-01,Kelantan,119.8,3.72
2017-09-01,Melaka,120.1,4.8
2017-09-01,Negeri Sembilan,120.8,4.59
2017-09-01,Pahang,118.3,3.32
2017-09-01,Perak,116.5,3.74
2017-09-01,Perlis,115.9,4.6
2017-09-01,Pulau Pinang,121.5,4.56
2017-09-01,Sabah,114.8,3.8
2017-09-01,Sarawak,116.4,3.28
2017-09-01,Selangor,122.2,4.53
2017-09-01,Terengganu,116.8,3.27
2017-09-01,W.P. Kuala Lumpur,120.4,3.7
2017-09-01,W.P. Labuan,118.1,2.61
2017-09-01,W.P. Putrajaya,119.2,3.29
2017-10-01,Johor,123.5,4.22
2017-10-01,Kedah,119.2,3.74
2017-10-01,Kelantan,119.6,3.55
2017-10-01,Melaka,119.8,4.17
2017-10-01,Negeri Sembilan,120.6,3.97
2017-10-01,Pahang,118.3,3.14
2017-10-01,Perak,116.4,3.28
2017-10-01,Perlis,115.2,3.69
2017-10-01,Pulau Pinang,121.4,4.03
2017-10-01,Sabah,114.4,3.06
2017-10-01,Sarawak,116.4,2.92
2017-10-01,Selangor,122.1,4.18
2017-10-01,Terengganu,116.7,3.09
2017-10-01,W.P. Kuala Lumpur,120.4,3.53
2017-10-01,W.P. Labuan,118.0,2.25
2017-10-01,W.P. Putrajaya,119.1,2.94
2017-11-01,Johor,124.3,3.84
2017-11-01,Kedah,119.9,3.54
2017-11-01,Kelantan,120.3,3.08
2017-11-01,Melaka,120.7,3.87
2017-11-01,Negeri Sembilan,121.5,3.67
2017-11-01,Pahang,118.9,2.59
2017-11-01,Perak,117.1,2.99
2017-11-01,Perlis,115.9,3.3
2017-11-01,Pulau Pinang,122.0,3.39
2017-11-01,Sabah,115.1,2.68
2017-11-01,Sarawak,117.1,2.81
2017-11-01,Selangor,123.1,3.97
2017-11-01,Terengganu,117.5,2.98
2017-11-01,W.P. Kuala Lumpur,120.8,2.81
2017-11-01,W.P. Labuan,118.4,1.89
2017-11-01,W.P. Putrajaya,119.6,2.84
2017-12-01,Johor,124.5,4.01
2017-12-01,Kedah,120.0,3.45
2017-12-01,Kelantan,120.5,3.17
2017-12-01,Melaka,121.0,3.95
2017-12-01,Negeri Sembilan,121.7,3.84
2017-12-01,Pahang,119.2,2.94
2017-12-01,Perak,117.3,3.17
2017-12-01,Perlis,116.1,2.93
2017-12-01,Pulau Pinang,122.1,3.47
2017-12-01,Sabah,115.2,2.77
2017-12-01,Sarawak,117.1,2.99
2017-12-01,Selangor,123.3,4.14
2017-12-01,Terengganu,117.8,3.15
2017-12-01,W.P. Kuala Lumpur,120.9,2.98
2017-12-01,W.P. Labuan,118.3,2.07
2017-12-01,W.P. Putrajaya,119.8,2.92
2018-01-01,Johor,124.9,2.88
2018-01-01,Kedah,114.3,-2.81
2018-01-01,Kelantan,120.9,2.2
2018-01-01,Melaka,121.3,2.97
2018-01-01,Negeri Sembilan,122.0,2.78
2018-01-01,Pahang,119.5,2.31
2018-01-01,Perak,117.6,2.35
2018-01-01,Perlis,116.1,1.31
2018-01-01,Pulau Pinang,122.5,2.6
2018-01-01,Sabah,115.7,2.21
2018-01-01,Sarawak,117.3,2.18
2018-01-01,Selangor,123.6,3.34
2018-01-01,Terengganu,118.2,2.25
2018-01-01,W.P. Kuala Lumpur,121.5,2.7
2018-01-01,W.P. Labuan,118.5,1.72
2018-01-01,W.P. Putrajaya,119.8,1.7
2018-02-01,Johor,125.0,1.46
2018-02-01,Kedah,114.5,-3.86
2018-02-01,Kelantan,120.8,1.09
2018-02-01,Melaka,121.5,1.76
2018-02-01,Negeri Sembilan,122.2,1.33
2018-02-01,Pahang,119.3,0.85
2018-02-01,Perak,117.6,1.12
2018-02-01,Perlis,116.0,0.0
2018-02-01,Pulau Pinang,122.5,1.41
2018-02-01,Sabah,115.6,1.85
2018-02-01,Sarawak,117.4,1.29
2018-02-01,Selangor,123.8,1.89
2018-02-01,Terengganu,118.1,1.03
2018-02-01,W.P. Kuala Lumpur,121.7,1.42
2018-02-01,W.P. Labuan,118.1,0.34
2018-02-01,W.P. Putrajaya,120.2,1.18
2018-03-01,Johor,124.4,1.14
2018-03-01,Kedah,113.9,-4.29
2018-03-01,Kelantan,120.2,0.75
2018-03-01,Melaka,121.0,1.51
2018-03-01,Negeri Sembilan,121.7,1.08
2018-03-01,Pahang,118.9,0.68
2018-03-01,Perak,117.1,0.86
2018-03-01,Perlis,115.3,-0.17
2018-03-01,Pulau Pinang,122.3,1.33
2018-03-01,Sabah,115.3,0.96
2018-03-01,Sarawak,117.2,0.95
2018-03-01,Selangor,123.4,1.82
2018-03-01,Terengganu,117.4,0.77
2018-03-01,W.P. Kuala Lumpur,121.4,1.42
2018-03-01,W.P. Labuan,118.1,0.43
2018-03-01,W.P. Putrajaya,120.0,1.18
2018-04-01,Johor,124.4,1.3
2018-04-01,Kedah,119.8,1.01
2018-04-01,Kelantan,120.0,1.1
2018-04-01,Melaka,120.8,1.43
2018-04-01,Negeri Sembilan,121.6,1.33
2018-04-01,Pahang,118.8,0.85
2018-04-01,Perak,117.0,1.12
2018-04-01,Perlis,115.3,0.17
2018-04-01,Pulau Pinang,122.3,1.49
2018-04-01,Sabah,115.2,1.14
2018-04-01,Sarawak,117.1,1.04
2018-04-01,Selangor,123.3,1.9
2018-04-01,Terengganu,117.1,1.04
2018-04-01,W.P. Kuala Lumpur,121.8,1.92
2018-04-01,W.P. Labuan,118.0,0.43
2018-04-01,W.P. Putrajaya,119.7,0.93
2018-05-01,Johor,124.7,1.96
2018-05-01,Kedah,119.8,1.27
2018-05-01,Kelantan,120.4,1.43
2018-05-01,Melaka,120.9,1.68
2018-05-01,Negeri Sembilan,121.7,1.76
2018-05-01,Pahang,119.0,1.28
2018-05-01,Perak,117.3,1.65
2018-05-01,Perlis,115.3,0.44
2018-05-01,Pulau Pinang,122.3,1.41
2018-05-01,Sabah,115.0,1.14
2018-05-01,Sarawak,117.2,1.47
2018-05-01,Selangor,123.7,2.4
2018-05-01,Terengganu,117.3,1.38
2018-05-01,W.P. Kuala Lumpur,122.2,2.17
2018-05-01,W.P. Labuan,117.7,0.43
2018-05-01,W.P. Putrajaya,119.8,1.27
2018-06-01,Johor,123.1,0.74
2018-06-01,Kedah,118.5,0.34
2018-06-01,Kelantan,119.4,0.67
2018-06-01,Melaka,118.9,0.17
2018-06-01,Negeri Sembilan,120.6,1.09
2018-06-01,Pahang,117.8,0.51
2018-06-01,Perak,115.7,0.52
2018-06-01,Perlis,114.2,-0.26
2018-06-01,Pulau Pinang,120.5,0.17
2018-06-01,Sabah,113.9,0.44
2018-06-01,Sarawak,115.7,0.43
2018-06-01,Selangor,122.0,1.24
2018-06-01,Terengganu,116.1,0.43
2018-06-01,W.P. Kuala Lumpur,120.3,0.92
2018-06-01,W.P. Labuan,117.2,0.34
2018-06-01,W.P. Putrajaya,117.6,-0.34
2018-07-01,Johor,123.3,0.98
2018-07-01,Kedah,118.5,0.42
2018-07-01,Kelantan,119.5,0.67
2018-07-01,Melaka,119.2,0.51
2018-07-01,Negeri Sembilan,120.8,1.34
2018-07-01,Pahang,118.0,0.68
2018-07-01,Perak,116.0,0.69
2018-07-01,Perlis,114.3,0.18
2018-07-01,Pulau Pinang,120.9,0.42
2018-07-01,Sabah,114.0,0.35
2018-07-01,Sarawak,115.8,0.52
2018-07-01,Selangor,122.2,1.41
2018-07-01,Terengganu,116.2,0.35
2018-07-01,W.P. Kuala Lumpur,120.4,1.09
2018-07-01,W.P. Labuan,117.5,0.43
2018-07-01,W.P. Putrajaya,117.8,-0.17
2018-08-01,Johor,123.6,0.24
2018-08-01,Kedah,118.7,-0.34
2018-08-01,Kelantan,119.6,-0.08
2018-08-01,Melaka,119.3,-0.25
2018-08-01,Negeri Sembilan,121.0,0.58
2018-08-01,Pahang,118.1,0.0
2018-08-01,Perak,116.0,-0.09
2018-08-01,Perlis,114.5,-0.69
2018-08-01,Pulau Pinang,121.3,0.17
2018-08-01,Sabah,114.3,0.0
2018-08-01,Sarawak,116.0,0.0
2018-08-01,Selangor,122.4,0.49
2018-08-01,Terengganu,116.2,-0.34
2018-08-01,W.P. Kuala Lumpur,120.7,0.5
2018-08-01,W.P. Labuan,117.2,-0.42
2018-08-01,W.P. Putrajaya,117.8,-0.76
2018-09-01,Johor,124.0,0.24
2018-09-01,Kedah,118.9,-0.5
2018-09-01,Kelantan,119.8,0.0
2018-09-01,Melaka,119.6,-0.42
2018-09-01,Negeri Sembilan,121.7,0.75
2018-09-01,Pahang,118.3,0.0
2018-09-01,Perak,116.4,-0.09
2018-09-01,Perlis,115.1,-0.69
2018-09-01,Pulau Pinang,121.9,0.33
2018-09-01,Sabah,114.6,-0.17
2018-09-01,Sarawak,116.4,0.0
2018-09-01,Selangor,123.0,0.65
2018-09-01,Terengganu,116.3,-0.43
2018-09-01,W.P. Kuala Lumpur,121.5,0.91
2018-09-01,W.P. Labuan,117.7,-0.34
2018-09-01,W.P. Putrajaya,118.4,-0.67
2018-10-01,Johor,124.3,0.65
2018-10-01,Kedah,119.1,-0.08
2018-10-01,Kelantan,119.8,0.17
2018-10-01,Melaka,119.9,0.08
2018-10-01,Negeri Sembilan,121.9,1.08
2018-10-01,Pahang,118.7,0.34
2018-10-01,Perak,116.8,0.34
2018-10-01,Perlis,115.2,0.0
2018-10-01,Pulau Pinang,122.2,0.66
2018-10-01,Sabah,114.7,0.26
2018-10-01,Sarawak,116.6,0.17
2018-10-01,Selangor,123.3,0.98
2018-10-01,Terengganu,116.5,-0.17
2018-10-01,W.P. Kuala Lumpur,122.0,1.33
2018-10-01,W.P. Labuan,118.0,0.0
2018-10-01,W.P. Putrajaya,118.7,-0.34
2018-11-01,Johor,124.7,0.32
2018-11-01,Kedah,119.1,-0.67
2018-11-01,Kelantan,120.2,-0.08
2018-11-01,Melaka,120.2,-0.41
2018-11-01,Negeri Sembilan,122.2,0.58
2018-11-01,Pahang,118.8,-0.08
2018-11-01,Perak,116.9,-0.17
2018-11-01,Perlis,115.3,-0.52
2018-11-01,Pulau Pinang,122.7,0.57
2018-11-01,Sabah,114.9,-0.17
2018-11-01,Sarawak,116.8,-0.26
2018-11-01,Selangor,123.6,0.41
2018-11-01,Terengganu,117.0,-0.43
2018-11-01,W.P. Kuala Lumpur,122.3,1.24
2018-11-01,W.P. Labuan,118.2,-0.17
2018-11-01,W.P. Putrajaya,119.0,-0.5
2018-12-01,Johor,124.6,0.08
2018-12-01,Kedah,119.3,-0.58
2018-12-01,Kelantan,120.5,0.0
2018-12-01,Melaka,120.4,-0.5
2018-12-01,Negeri Sembilan,122.2,0.41
2018-12-01,Pahang,119.1,-0.08
2018-12-01,Perak,117.1,-0.17
2018-12-01,Perlis,115.6,-0.43
2018-12-01,Pulau Pinang,122.8,0.57
2018-12-01,Sabah,114.9,-0.26
2018-12-01,Sarawak,116.8,-0.26
2018-12-01,Selangor,123.6,0.24
2018-12-01,Terengganu,117.1,-0.59
2018-12-01,W.P. Kuala Lumpur,122.1,0.99
2018-12-01,W.P. Labuan,118.1,-0.17
2018-12-01,W.P. Putrajaya,119.1,-0.58
2019-01-01,Johor,124.0,-0.72
2019-01-01,Kedah,118.5,3.67
2019-01-01,Kelantan,120.0,-0.74
2019-01-01,Melaka,119.7,-1.32
2019-01-01,Negeri Sembilan,121.5,-0.41
2019-01-01,Pahang,118.2,-1.09
2019-01-01,Perak,116.7,-0.77
2019-01-01,Perlis,115.0,-0.95
2019-01-01,Pulau Pinang,122.3,-0.16
2019-01-01,Sabah,114.4,-1.12
2019-01-01,Sarawak,115.9,-1.19
2019-01-01,Selangor,123.0,-0.49
2019-01-01,Terengganu,116.4,-1.52
2019-01-01,W.P. Kuala Lumpur,121.7,0.16
2019-01-01,W.P. Labuan,117.5,-0.84
2019-01-01,W.P. Putrajaya,119.3,-0.42
2019-02-01,Johor,124.3,-0.56
2019-02-01,Kedah,118.8,3.76
2019-02-01,Kelantan,120.0,-0.66
2019-02-01,Melaka,119.9,-1.32
2019-02-01,Negeri Sembilan,121.9,-0.25
2019-02-01,Pahang,118.4,-0.75
2019-02-01,Perak,116.9,-0.6
2019-02-01,Perlis,115.2,-0.69
2019-02-01,Pulau Pinang,122.7,0.16
2019-02-01,Sabah,114.5,-0.95
2019-02-01,Sarawak,116.1,-1.11
2019-02-01,Selangor,123.5,-0.24
2019-02-01,Terengganu,116.5,-1.35
2019-02-01,W.P. Kuala Lumpur,122.1,0.33
2019-02-01,W.P. Labuan,117.7,-0.34
2019-02-01,W.P. Putrajaya,119.6,-0.5
2019-03-01,Johor,124.6,0.16
2019-03-01,Kedah,119.2,4.65
2019-03-01,Kelantan,120.0,-0.17
2019-03-01,Melaka,120.2,-0.66
2019-03-01,Negeri Sembilan,122.1,0.33
2019-03-01,Pahang,118.7,-0.17
2019-03-01,Perak,117.2,0.09
2019-03-01,Perlis,115.5,0.17
2019-03-01,Pulau Pinang,123.0,0.57
2019-03-01,Sabah,114.9,-0.35
2019-03-01,Sarawak,116.7,-0.43
2019-03-01,Selangor,123.8,0.32
2019-03-01,Terengganu,116.6,-0.68
2019-03-01,W.P. Kuala Lumpur,122.5,0.91
2019-03-01,W.P. Labuan,118.1,0.0
2019-03-01,W.P. Putrajaya,120.1,0.08
2019-04-01,Johor,124.7,0.24
2019-04-01,Kedah,119.1,-0.58
2019-04-01,Kelantan,119.9,-0.08
2019-04-01,Melaka,120.0,-0.66
2019-04-01,Negeri Sembilan,122.2,0.49
2019-04-01,Pahang,118.6,-0.17
2019-04-01,Perak,117.2,0.17
2019-04-01,Perlis,115.3,0.0
2019-04-01,Pulau Pinang,123.1,0.65
2019-04-01,Sabah,114.9,-0.26
2019-04-01,Sarawak,116.7,-0.34
2019-04-01,Selangor,123.8,0.41
2019-04-01,Terengganu,116.6,-0.43
2019-04-01,W.P. Kuala Lumpur,122.7,0.74
2019-04-01,W.P. Labuan,118.3,0.25
2019-04-01,W.P. Putrajaya,120.1,0.33
2019-05-01,Johor,125.0,0.24
2019-05-01,Kedah,119.4,-0.33
2019-05-01,Kelantan,120.7,0.25
2019-05-01,Melaka,120.3,-0.5
2019-05-01,Negeri Sembilan,122.4,0.58
2019-05-01,Pahang,118.9,-0.08
2019-05-01,Perak,117.3,0.0
2019-05-01,Perlis,115.5,0.17
2019-05-01,Pulau Pinang,123.2,0.74
2019-05-01,Sabah,114.9,-0.09
2019-05-01,Sarawak,116.9,-0.26
2019-05-01,Selangor,124.0,0.24
2019-05-01,Terengganu,117.0,-0.26
2019-05-01,W.P. Kuala Lumpur,122.8,0.49
2019-05-01,W.P. Labuan,118.3,0.51
2019-05-01,W.P. Putrajaya,120.2,0.33
2019-06-01,Johor,125.0,1.54
2019-06-01,Kedah,119.4,0.76
2019-06-01,Kelantan,120.8,1.17
2019-06-01,Melaka,120.2,1.09
2019-06-01,Negeri Sembilan,122.3,1.41
2019-06-01,Pahang,118.8,0.85
2019-06-01,Perak,117.4,1.47
2019-06-01,Perlis,115.5,1.14
2019-06-01,Pulau Pinang,123.1,2.16
2019-06-01,Sabah,114.9,0.88
2019-06-01,Sarawak,116.8,0.95
2019-06-01,Selangor,124.1,1.72
2019-06-01,Terengganu,117.2,0.95
2019-06-01,W.P. Kuala Lumpur,122.9,2.16
2019-06-01,W.P. Labuan,118.3,0.94
2019-06-01,W.P. Putrajaya,120.1,2.13
2019-07-01,Johor,125.2,1.54
2019-07-01,Kedah,119.5,0.84
2019-07-01,Kelantan,120.8,1.09
2019-07-01,Melaka,120.4,1.01
2019-07-01,Negeri Sembilan,122.5,1.41
2019-07-01,Pahang,119.0,0.85
2019-07-01,Perak,117.6,1.38
2019-07-01,Perlis,115.6,1.14
2019-07-01,Pulau Pinang,123.4,2.07
2019-07-01,Sabah,114.9,0.79
2019-07-01,Sarawak,116.8,0.86
2019-07-01,Selangor,124.2,1.64
2019-07-01,Terengganu,117.2,0.86
2019-07-01,W.P. Kuala Lumpur,123.1,2.24
2019-07-01,W.P. Labuan,118.3,0.68
2019-07-01,W.P. Putrajaya,120.5,2.29
2019-08-01,Johor,125.3,1.38
2019-08-01,Kedah,119.8,0.93
2019-08-01,Kelantan,121.0,1.17
2019-08-01,Melaka,120.6,1.09
2019-08-01,Negeri Sembilan,122.8,1.49
2019-08-01,Pahang,119.1,0.85
2019-08-01,Perak,117.8,1.55
2019-08-01,Perlis,115.9,1.22
2019-08-01,Pulau Pinang,123.7,1.98
2019-08-01,Sabah,115.1,0.7
2019-08-01,Sarawak,116.8,0.69
2019-08-01,Selangor,124.6,1.8
2019-08-01,Terengganu,117.4,1.03
2019-08-01,W.P. Kuala Lumpur,123.6,2.4
2019-08-01,W.P. Labuan,118.5,1.11
2019-08-01,W.P. Putrajaya,120.6,2.38
2019-09-01,Johor,125.5,1.21
2019-09-01,Kedah,119.8,0.76
2019-09-01,Kelantan,120.8,0.83
2019-09-01,Melaka,120.6,0.84
2019-09-01,Negeri Sembilan,122.8,0.9
2019-09-01,Pahang,119.1,0.68
2019-09-01,Perak,117.8,1.2
2019-09-01,Perlis,115.8,0.61
2019-09-01,Pulau Pinang,123.7,1.48
2019-09-01,Sabah,115.1,0.44
2019-09-01,Sarawak,116.9,0.43
2019-09-01,Selangor,124.7,1.38
2019-09-01,Terengganu,117.3,0.86
2019-09-01,W.P. Kuala Lumpur,123.6,1.73
2019-09-01,W.P. Labuan,118.5,0.68
2019-09-01,W.P. Putrajaya,120.6,1.86
2019-10-01,Johor,125.7,1.13
2019-10-01,Kedah,120.0,0.76
2019-10-01,Kelantan,120.8,0.83
2019-10-01,Melaka,120.7,0.67
2019-10-01,Negeri Sembilan,123.0,0.9
2019-10-01,Pahang,119.6,0.76
2019-10-01,Perak,117.9,0.94
2019-10-01,Perlis,115.9,0.61
2019-10-01,Pulau Pinang,123.8,1.31
2019-10-01,Sabah,115.1,0.35
2019-10-01,Sarawak,117.0,0.34
2019-10-01,Selangor,124.9,1.3
2019-10-01,Terengganu,117.4,0.77
2019-10-01,W.P. Kuala Lumpur,123.6,1.31
2019-10-01,W.P. Labuan,118.5,0.42
2019-10-01,W.P. Putrajaya,120.8,1.77
2019-11-01,Johor,125.7,0.8
2019-11-01,Kedah,120.0,0.76
2019-11-01,Kelantan,120.7,0.42
2019-11-01,Melaka,120.8,0.5
2019-11-01,Negeri Sembilan,123.1,0.74
2019-11-01,Pahang,119.7,0.76
2019-11-01,Perak,118.0,0.94
2019-11-01,Perlis,115.9,0.52
2019-11-01,Pulau Pinang,124.0,1.06
2019-11-01,Sabah,115.4,0.44
2019-11-01,Sarawak,117.2,0.34
2019-11-01,Selangor,125.1,1.21
2019-11-01,Terengganu,117.3,0.26
2019-11-01,W.P. Kuala Lumpur,124.0,1.39
2019-11-01,W.P. Labuan,118.5,0.25
2019-11-01,W.P. Putrajaya,120.9,1.6
2019-12-01,Johor,126.0,1.12
2019-12-01,Kedah,120.2,0.75
2019-12-01,Kelantan,121.1,0.5
2019-12-01,Melaka,120.8,0.33
2019-12-01,Negeri Sembilan,123.2,0.82
2019-12-01,Pahang,119.9,0.67
2019-12-01,Perak,118.1,0.85
2019-12-01,Perlis,116.3,0.61
2019-12-01,Pulau Pinang,124.0,0.98
2019-12-01,Sabah,115.4,0.44
2019-12-01,Sarawak,117.2,0.34
2019-12-01,Selangor,125.3,1.38
2019-12-01,Terengganu,117.7,0.51
2019-12-01,W.P. Kuala Lumpur,123.9,1.47
2019-12-01,W.P. Labuan,118.5,0.34
2019-12-01,W.P. Putrajaya,121.1,1.68
2020-01-01,Johor,126.2,1.77
2020-01-01,Kedah,120.2,1.43
2020-01-01,Kelantan,121.2,1.0
2020-01-01,Melaka,120.8,0.92
2020-01-01,Negeri Sembilan,123.4,1.56
2020-01-01,Pahang,120.0,1.52
2020-01-01,Perak,118.3,1.37
2020-01-01,Perlis,116.3,1.13
2020-01-01,Pulau Pinang,124.2,1.55
2020-01-01,Sabah,115.5,0.96
2020-01-01,Sarawak,117.3,1.21
2020-01-01,Selangor,125.5,2.03
2020-01-01,Terengganu,117.8,1.2
2020-01-01,W.P. Kuala Lumpur,123.9,1.81
2020-01-01,W.P. Labuan,118.6,0.94
2020-01-01,W.P. Putrajaya,121.5,1.84
2020-02-01,Johor,126.0,1.37
2020-02-01,Kedah,120.1,1.09
2020-02-01,Kelantan,121.1,0.92
2020-02-01,Melaka,120.6,0.58
2020-02-01,Negeri Sembilan,123.3,1.15
2020-02-01,Pahang,120.2,1.52
2020-02-01,Perak,118.4,1.28
2020-02-01,Perlis,116.1,0.78
2020-02-01,Pulau Pinang,124.3,1.3
2020-02-01,Sabah,115.4,0.79
2020-02-01,Sarawak,117.4,1.12
2020-02-01,Selangor,125.5,1.62
2020-02-01,Terengganu,117.8,1.12
2020-02-01,W.P. Kuala Lumpur,123.9,1.47
2020-02-01,W.P. Labuan,118.5,0.68
2020-02-01,W.P. Putrajaya,121.5,1.59
2020-03-01,Johor,124.3,-0.24
2020-03-01,Kedah,118.5,-0.59
2020-03-01,Kelantan,119.5,-0.42
2020-03-01,Melaka,119.1,-0.92
2020-03-01,Negeri Sembilan,121.4,-0.57
2020-03-01,Pahang,118.6,-0.08
2020-03-01,Perak,116.9,-0.26
2020-03-01,Perlis,114.1,-1.21
2020-03-01,Pulau Pinang,123.1,0.08
2020-03-01,Sabah,113.9,-0.87
2020-03-01,Sarawak,115.7,-0.86
2020-03-01,Selangor,124.2,0.32
2020-03-01,Terengganu,115.9,-0.6
2020-03-01,W.P. Kuala Lumpur,122.8,0.24
2020-03-01,W.P. Labuan,117.1,-0.85
2020-03-01,W.P. Putrajaya,120.5,0.33
2020-04-01,Johor,120.5,-3.37
2020-04-01,Kedah,114.6,-3.78
2020-04-01,Kelantan,115.9,-3.34
2020-04-01,Melaka,115.7,-3.58
2020-04-01,Negeri Sembilan,117.7,-3.68
2020-04-01,Pahang,114.9,-3.12
2020-04-01,Perak,113.7,-2.99
2020-04-01,Perlis,110.3,-4.34
2020-04-01,Pulau Pinang,120.2,-2.36
2020-04-01,Sabah,110.6,-3.74
2020-04-01,Sarawak,112.3,-3.77
2020-04-01,Selangor,121.0,-2.26
2020-04-01,Terengganu,112.5,-3.52
2020-04-01,W.P. Kuala Lumpur,120.3,-1.96
2020-04-01,W.P. Labuan,113.8,-3.8
2020-04-01,W.P. Putrajaya,117.8,-1.92
2020-05-01,Johor,120.8,-3.36
2020-05-01,Kedah,115.0,-3.69
2020-05-01,Kelantan,116.2,-3.73
2020-05-01,Melaka,116.0,-3.57
2020-05-01,Negeri Sembilan,118.0,-3.59
2020-05-01,Pahang,115.2,-3.11
2020-05-01,Perak,113.9,-2.9
2020-05-01,Perlis,110.6,-4.24
2020-05-01,Pulau Pinang,120.4,-2.27
2020-05-01,Sabah,110.7,-3.66
2020-05-01,Sarawak,112.5,-3.76
2020-05-01,Selangor,121.3,-2.18
2020-05-01,Terengganu,112.8,-3.59
2020-05-01,W.P. Kuala Lumpur,120.5,-1.87
2020-05-01,W.P. Labuan,114.1,-3.55
2020-05-01,W.P. Putrajaya,116.3,-3.24
2020-06-01,Johor,122.3,-2.16
2020-06-01,Kedah,116.4,-2.51
2020-06-01,Kelantan,117.9,-2.4
2020-06-01,Melaka,117.1,-2.58
2020-06-01,Negeri Sembilan,119.4,-2.37
2020-06-01,Pahang,116.8,-1.68
2020-06-01,Perak,115.1,-1.96
2020-06-01,Perlis,112.4,-2.68
2020-06-01,Pulau Pinang,121.4,-1.38
2020-06-01,Sabah,111.8,-2.7
2020-06-01,Sarawak,113.8,-2.57
2020-06-01,Selangor,122.5,-1.29
2020-06-01,Terengganu,114.7,-2.13
2020-06-01,W.P. Kuala Lumpur,121.3,-1.3
2020-06-01,W.P. Labuan,115.1,-2.7
2020-06-01,W.P. Putrajaya,117.5,-2.16
2020-07-01,Johor,123.1,-1.68
2020-07-01,Kedah,117.2,-1.92
2020-07-01,Kelantan,118.9,-1.57
2020-07-01,Melaka,117.8,-2.16
2020-07-01,Negeri Sembilan,120.3,-1.8
2020-07-01,Pahang,117.5,-1.26
2020-07-01,Perak,115.8,-1.53
2020-07-01,Perlis,113.0,-2.25
2020-07-01,Pulau Pinang,122.0,-1.13
2020-07-01,Sabah,112.6,-2.0
2020-07-01,Sarawak,114.6,-1.88
2020-07-01,Selangor,123.3,-0.72
2020-07-01,Terengganu,115.8,-1.19
2020-07-01,W.P. Kuala Lumpur,121.9,-0.97
2020-07-01,W.P. Labuan,115.7,-2.2
2020-07-01,W.P. Putrajaya,120.5,0.0
2020-08-01,Johor,123.2,-1.68
2020-08-01,Kedah,117.3,-2.09
2020-08-01,Kelantan,118.9,-1.74
2020-08-01,Melaka,117.9,-2.24
2020-08-01,Negeri Sembilan,120.5,-1.87
2020-08-01,Pahang,117.5,-1.34
2020-08-01,Perak,116.0,-1.53
2020-08-01,Perlis,113.1,-2.42
2020-08-01,Pulau Pinang,122.3,-1.13
2020-08-01,Sabah,112.6,-2.17
2020-08-01,Sarawak,114.4,-2.05
2020-08-01,Selangor,123.6,-0.8
2020-08-01,Terengganu,115.9,-1.28
2020-08-01,W.P. Kuala Lumpur,122.5,-0.89
2020-08-01,W.P. Labuan,115.9,-2.19
2020-08-01,W.P. Putrajaya,120.8,0.17
2020-09-01,Johor,123.1,-1.91
2020-09-01,Kedah,117.3,-2.09
2020-09-01,Kelantan,118.8,-1.66
2020-09-01,Melaka,117.9,-2.24
2020-09-01,Negeri Sembilan,120.5,-1.87
2020-09-01,Pahang,117.5,-1.34
2020-09-01,Perak,115.9,-1.61
2020-09-01,Perlis,112.9,-2.5
2020-09-01,Pulau Pinang,122.2,-1.21
2020-09-01,Sabah,112.6,-2.17
2020-09-01,Sarawak,114.4,-2.14
2020-09-01,Selangor,123.7,-0.8
2020-09-01,Terengganu,115.7,-1.36
2020-09-01,W.P. Kuala Lumpur,122.6,-0.81
2020-09-01,W.P. Labuan,115.9,-2.19
2020-09-01,W.P. Putrajaya,120.8,0.17
2020-10-01,Johor,123.1,-2.07
2020-10-01,Kedah,117.2,-2.33
2020-10-01,Kelantan,118.8,-1.66
2020-10-01,Melaka,117.9,-2.32
2020-10-01,Negeri Sembilan,120.5,-2.03
2020-10-01,Pahang,117.5,-1.76
2020-10-01,Perak,115.9,-1.7
2020-10-01,Perlis,112.9,-2.59
2020-10-01,Pulau Pinang,122.3,-1.21
2020-10-01,Sabah,112.6,-2.17
2020-10-01,Sarawak,114.5,-2.14
2020-10-01,Selangor,123.8,-0.88
2020-10-01,Terengganu,115.7,-1.45
2020-10-01,W.P. Kuala Lumpur,122.6,-0.81
2020-10-01,W.P. Labuan,115.8,-2.28
2020-10-01,W.P. Putrajaya,121.1,0.25
2020-11-01,Johor,123.0,-2.15
2020-11-01,Kedah,116.9,-2.58
2020-11-01,Kelantan,118.6,-1.74
2020-11-01,Melaka,117.7,-2.57
2020-11-01,Negeri Sembilan,120.1,-2.44
2020-11-01,Pahang,117.2,-2.09
2020-11-01,Perak,115.6,-2.03
2020-11-01,Perlis,112.5,-2.93
2020-11-01,Pulau Pinang,122.1,-1.53
2020-11-01,Sabah,112.5,-2.51
2020-11-01,Sarawak,114.4,-2.39
2020-11-01,Selangor,123.6,-1.2
2020-11-01,Terengganu,115.5,-1.53
2020-11-01,W.P. Kuala Lumpur,122.5,-1.21
2020-11-01,W.P. Labuan,115.7,-2.36
2020-11-01,W.P. Putrajaya,120.7,-0.17
2020-12-01,Johor,123.5,-1.98
2020-12-01,Kedah,117.6,-2.16
2020-12-01,Kelantan,119.6,-1.24
2020-12-01,Melaka,118.4,-1.99
2020-12-01,Negeri Sembilan,120.9,-1.87
2020-12-01,Pahang,118.3,-1.33
2020-12-01,Perak,116.4,-1.44
2020-12-01,Perlis,113.6,-2.32
2020-12-01,Pulau Pinang,122.6,-1.13
2020-12-01,Sabah,113.1,-1.99
2020-12-01,Sarawak,115.0,-1.88
2020-12-01,Selangor,124.2,-0.88
2020-12-01,Terengganu,116.5,-1.02
2020-12-01,W.P. Kuala Lumpur,122.8,-0.89
2020-12-01,W.P. Labuan,116.3,-1.86
2020-12-01,W.P. Putrajaya,121.5,0.33
2021-01-01,Johor,125.2,-0.79
2021-01-01,Kedah,119.3,-0.75
2021-01-01,Kelantan,121.4,0.17
2021-01-01,Melaka,120.1,-0.58
2021-01-01,Negeri Sembilan,122.8,-0.49
2021-01-01,Pahang,120.1,0.08
2021-01-01,Perak,118.2,-0.08
2021-01-01,Perlis,115.5,-0.69
2021-01-01,Pulau Pinang,124.2,0.0
2021-01-01,Sabah,113.8,-1.47
2021-01-01,Sarawak,115.9,-1.19
2021-01-01,Selangor,125.7,0.16
2021-01-01,Terengganu,118.2,0.34
2021-01-01,W.P. Kuala Lumpur,124.0,0.08
2021-01-01,W.P. Labuan,116.9,-1.43
2021-01-01,W.P. Putrajaya,122.8,1.07
2021-02-01,Johor,125.7,-0.24
2021-02-01,Kedah,119.8,-0.25
2021-02-01,Kelantan,121.9,0.66
2021-02-01,Melaka,120.3,-0.25
2021-02-01,Negeri Sembilan,123.2,-0.08
2021-02-01,Pahang,120.4,0.17
2021-02-01,Perak,118.6,0.17
2021-02-01,Perlis,115.9,-0.17
2021-02-01,Pulau Pinang,124.6,0.24
2021-02-01,Sabah,114.2,-1.04
2021-02-01,Sarawak,116.6,-0.68
2021-02-01,Selangor,126.0,0.4
2021-02-01,Terengganu,118.8,0.85
2021-02-01,W.P. Kuala Lumpur,124.2,0.24
2021-02-01,W.P. Labuan,117.3,-1.01
2021-02-01,W.P. Putrajaya,124.4,2.39
2021-03-01,Johor,126.2,1.53
2021-03-01,Kedah,120.3,1.52
2021-03-01,Kelantan,122.2,2.26
2021-03-01,Melaka,120.6,1.26
2021-03-01,Negeri Sembilan,123.6,1.81
2021-03-01,Pahang,120.9,1.94
2021-03-01,Perak,118.9,1.71
2021-03-01,Perlis,116.2,1.84
2021-03-01,Pulau Pinang,124.9,1.46
2021-03-01,Sabah,114.7,0.7
2021-03-01,Sarawak,117.1,1.21
2021-03-01,Selangor,126.5,1.85
2021-03-01,Terengganu,119.2,2.85
2021-03-01,W.P. Kuala Lumpur,124.7,1.55
2021-03-01,W.P. Labuan,117.9,0.68
2021-03-01,W.P. Putrajaya,124.6,3.4
2021-04-01,Johor,126.4,4.9
2021-04-01,Kedah,120.5,5.15
2021-04-01,Kelantan,122.5,5.69
2021-04-01,Melaka,120.8,4.41
2021-04-01,Negeri Sembilan,123.6,5.01
2021-04-01,Pahang,121.3,5.57
2021-04-01,Perak,119.0,4.66
2021-04-01,Perlis,116.2,5.35
2021-04-01,Pulau Pinang,124.9,3.91
2021-04-01,Sabah,114.9,3.89
2021-04-01,Sarawak,117.1,4.27
2021-04-01,Selangor,126.6,4.63
2021-04-01,Terengganu,119.6,6.31
2021-04-01,W.P. Kuala Lumpur,124.9,3.82
2021-04-01,W.P. Labuan,118.0,3.69
2021-04-01,W.P. Putrajaya,124.5,5.69
2021-05-01,Johor,126.3,4.55
2021-05-01,Kedah,120.5,4.78
2021-05-01,Kelantan,122.7,5.59
2021-05-01,Melaka,120.8,4.14
2021-05-01,Negeri Sembilan,123.6,4.75
2021-05-01,Pahang,121.1,5.12
2021-05-01,Perak,119.0,4.48
2021-05-01,Perlis,116.3,5.15
2021-05-01,Pulau Pinang,124.9,3.74
2021-05-01,Sabah,114.8,3.7
2021-05-01,Sarawak,117.1,4.09
2021-05-01,Selangor,126.7,4.45
2021-05-01,Terengganu,119.8,6.21
2021-05-01,W.P. Kuala Lumpur,124.9,3.65
2021-05-01,W.P. Labuan,117.9,3.33
2021-05-01,W.P. Putrajaya,124.5,7.05
2021-06-01,Johor,126.5,3.43
2021-06-01,Kedah,120.5,3.52
2021-06-01,Kelantan,122.7,4.07
2021-06-01,Melaka,120.9,3.25
2021-06-01,Negeri Sembilan,123.6,3.52
2021-06-01,Pahang,121.3,3.85
2021-06-01,Perak,119.2,3.56
2021-06-01,Perlis,116.4,3.56
2021-06-01,Pulau Pinang,124.9,2.88
2021-06-01,Sabah,114.8,2.68
2021-06-01,Sarawak,117.1,2.9
2021-06-01,Selangor,126.8,3.51
2021-06-01,Terengganu,119.8,4.45
2021-06-01,W.P. Kuala Lumpur,124.9,2.97
2021-06-01,W.P. Labuan,118.1,2.61
2021-06-01,W.P. Putrajaya,124.5,5.96
2021-07-01,Johor,125.7,2.11
2021-07-01,Kedah,119.7,2.13
2021-07-01,Kelantan,121.8,2.44
2021-07-01,Melaka,120.2,2.04
2021-07-01,Negeri Sembilan,122.8,2.08
2021-07-01,Pahang,120.4,2.47
2021-07-01,Perak,118.4,2.25
2021-07-01,Perlis,115.8,2.48
2021-07-01,Pulau Pinang,124.2,1.8
2021-07-01,Sabah,114.2,1.42
2021-07-01,Sarawak,117.2,2.27
2021-07-01,Selangor,126.2,2.35
2021-07-01,Terengganu,119.0,2.76
2021-07-01,W.P. Kuala Lumpur,124.3,1.97
2021-07-01,W.P. Labuan,117.4,1.47
2021-07-01,W.P. Putrajaya,124.3,3.15
2021-08-01,Johor,125.7,2.03
2021-08-01,Kedah,119.8,2.13
2021-08-01,Kelantan,121.8,2.44
2021-08-01,Melaka,120.2,1.95
2021-08-01,Negeri Sembilan,122.9,1.99
2021-08-01,Pahang,120.3,2.38
2021-08-01,Perak,118.4,2.07
2021-08-01,Perlis,115.8,2.39
2021-08-01,Pulau Pinang,124.2,1.55
2021-08-01,Sabah,114.2,1.42
2021-08-01,Sarawak,117.2,2.45
2021-08-01,Selangor,126.2,2.1
2021-08-01,Terengganu,118.9,2.59
2021-08-01,W.P. Kuala Lumpur,124.4,1.55
2021-08-01,W.P. Labuan,117.4,1.29
2021-08-01,W.P. Putrajaya,124.3,2.9
2021-09-01,Johor,126.0,2.36
2021-09-01,Kedah,119.9,2.22
2021-09-01,Kelantan,122.1,2.78
2021-09-01,Melaka,120.6,2.29
2021-09-01,Negeri Sembilan,123.2,2.24
2021-09-01,Pahang,120.8,2.81
2021-09-01,Perak,118.8,2.5
2021-09-01,Perlis,116.3,3.01
2021-09-01,Pulau Pinang,124.4,1.8
2021-09-01,Sabah,114.2,1.42
2021-09-01,Sarawak,117.3,2.53
2021-09-01,Selangor,126.4,2.18
2021-09-01,Terengganu,119.3,3.11
2021-09-01,W.P. Kuala Lumpur,124.5,1.55
2021-09-01,W.P. Labuan,117.4,1.29
2021-09-01,W.P. Putrajaya,125.1,3.56
2021-10-01,Johor,126.9,3.09
2021-10-01,Kedah,120.9,3.16
2021-10-01,Kelantan,123.1,3.62
2021-10-01,Melaka,121.6,3.14
2021-10-01,Negeri Sembilan,124.3,3.15
2021-10-01,Pahang,121.8,3.66
2021-10-01,Perak,119.8,3.36
2021-10-01,Perlis,117.2,3.81
2021-10-01,Pulau Pinang,125.3,2.45
2021-10-01,Sabah,115.0,2.13
2021-10-01,Sarawak,117.3,2.45
2021-10-01,Selangor,127.6,3.07
2021-10-01,Terengganu,120.2,3.89
2021-10-01,W.P. Kuala Lumpur,125.0,1.96
2021-10-01,W.P. Labuan,118.3,2.16
2021-10-01,W.P. Putrajaya,125.6,3.72
2021-11-01,Johor,127.3,3.5
2021-11-01,Kedah,121.2,3.68
2021-11-01,Kelantan,123.4,4.05
2021-11-01,Melaka,122.0,3.65
2021-11-01,Negeri Sembilan,124.6,3.75
2021-11-01,Pahang,122.0,4.1
2021-11-01,Perak,120.2,3.98
2021-11-01,Perlis,117.6,4.53
2021-11-01,Pulau Pinang,125.8,3.03
2021-11-01,Sabah,115.2,2.4
2021-11-01,Sarawak,117.5,2.71
2021-11-01,Selangor,128.1,3.64
2021-11-01,Terengganu,120.5,4.33
2021-11-01,W.P. Kuala Lumpur,125.4,2.37
2021-11-01,W.P. Labuan,118.6,2.51
2021-11-01,W.P. Putrajaya,125.8,4.23
2021-12-01,Johor,127.7,3.4
2021-12-01,Kedah,121.9,3.66
2021-12-01,Kelantan,124.1,3.76
2021-12-01,Melaka,122.2,3.21
2021-12-01,Negeri Sembilan,124.9,3.31
2021-12-01,Pahang,122.5,3.55
2021-12-01,Perak,120.7,3.69
2021-12-01,Perlis,118.3,4.14
2021-12-01,Pulau Pinang,126.4,3.1
2021-12-01,Sabah,115.4,2.03
2021-12-01,Sarawak,117.9,2.52
2021-12-01,Selangor,128.7,3.62
2021-12-01,Terengganu,121.0,3.86
2021-12-01,W.P. Kuala Lumpur,125.6,2.28
2021-12-01,W.P. Labuan,118.8,2.15
2021-12-01,W.P. Putrajaya,126.4,4.03
2022-01-01,Johor,128.0,2.24
2022-01-01,Kedah,122.1,2.35
2022-01-01,Kelantan,124.3,2.39
2022-01-01,Melaka,122.5,2.0
2022-01-01,Negeri Sembilan,125.0,1.79
2022-01-01,Pahang,122.6,2.08
2022-01-01,Perak,121.1,2.45
2022-01-01,Perlis,118.5,2.6
2022-01-01,Pulau Pinang,126.7,2.01
2022-01-01,Sabah,116.0,1.93
2022-01-01,Sarawak,118.3,2.07
2022-01-01,Selangor,129.3,2.86
2022-01-01,Terengganu,121.4,2.71
2022-01-01,W.P. Kuala Lumpur,126.2,1.77
2022-01-01,W.P. Labuan,119.1,1.88
2022-01-01,W.P. Putrajaya,128.2,4.4
2022-02-01,Johor,128.1,1.91
2022-02-01,Kedah,122.4,2.17
2022-02-01,Kelantan,124.5,2.13
2022-02-01,Melaka,122.7,2.0
2022-02-01,Negeri Sembilan,125.4,1.79
2022-02-01,Pahang,122.7,1.91
2022-02-01,Perak,121.2,2.19
2022-02-01,Perlis,119.0,2.67
2022-02-01,Pulau Pinang,127.1,2.01
2022-02-01,Sabah,116.3,1.84
2022-02-01,Sarawak,118.9,1.97
2022-02-01,Selangor,129.6,2.86
2022-02-01,Terengganu,121.7,2.44
2022-02-01,W.P. Kuala Lumpur,126.5,1.85
2022-02-01,W.P. Labuan,119.3,1.71
2022-02-01,W.P. Putrajaya,131.7,5.87
2022-03-01,Johor,128.7,1.98
2022-03-01,Kedah,122.6,1.91
2022-03-01,Kelantan,124.8,2.13
2022-03-01,Melaka,122.9,1.91
2022-03-01,Negeri Sembilan,125.6,1.62
2022-03-01,Pahang,123.1,1.82
2022-03-01,Perak,121.5,2.19
2022-03-01,Perlis,119.2,2.58
2022-03-01,Pulau Pinang,127.6,2.16
2022-03-01,Sabah,116.3,1.39
2022-03-01,Sarawak,119.1,1.71
2022-03-01,Selangor,130.1,2.85
2022-03-01,Terengganu,122.1,2.43
2022-03-01,W.P. Kuala Lumpur,126.9,1.76
2022-03-01,W.P. Labuan,119.6,1.44
2022-03-01,W.P. Putrajaya,132.1,6.02
2022-04-01,Johor,129.0,2.06
2022-04-01,Kedah,122.8,1.91
2022-04-01,Kelantan,125.0,2.04
2022-04-01,Melaka,123.0,1.82
2022-04-01,Negeri Sembilan,125.8,1.78
2022-04-01,Pahang,123.3,1.65
2022-04-01,Perak,121.8,2.35
2022-04-01,Perlis,119.4,2.75
2022-04-01,Pulau Pinang,127.8,2.32
2022-04-01,Sabah,116.5,1.39
2022-04-01,Sarawak,119.3,1.88
2022-04-01,Selangor,130.5,3.08
2022-04-01,Terengganu,122.3,2.26
2022-04-01,W.P. Kuala Lumpur,127.1,1.76
2022-04-01,W.P. Labuan,119.9,1.61
2022-04-01,W.P. Putrajaya,132.7,6.59
2022-05-01,Johor,130.0,2.93
2022-05-01,Kedah,123.1,2.16
2022-05-01,Kelantan,125.6,2.36
2022-05-01,Melaka,123.3,2.07
2022-05-01,Negeri Sembilan,126.4,2.27
2022-05-01,Pahang,123.9,2.31
2022-05-01,Perak,122.3,2.77
2022-05-01,Perlis,119.7,2.92
2022-05-01,Pulau Pinang,128.4,2.8
2022-05-01,Sabah,117.3,2.18
2022-05-01,Sarawak,119.9,2.39
2022-05-01,Selangor,131.4,3.71
2022-05-01,Terengganu,122.8,2.5
2022-05-01,W.P. Kuala Lumpur,127.9,2.4
2022-05-01,W.P. Labuan,120.6,2.29
2022-05-01,W.P. Putrajaya,133.9,7.55
2022-06-01,Johor,131.2,3.72
2022-06-01,Kedah,123.6,2.57
2022-06-01,Kelantan,126.2,2.85
2022-06-01,Melaka,123.9,2.48
2022-06-01,Negeri Sembilan,127.2,2.91
2022-06-01,Pahang,124.5,2.64
2022-06-01,Perak,123.0,3.19
2022-06-01,Perlis,120.3,3.35
2022-06-01,Pulau Pinang,129.2,3.44
2022-06-01,Sabah,118.0,2.79
2022-06-01,Sarawak,120.8,3.16
2022-06-01,Selangor,132.2,4.26
2022-06-01,Terengganu,123.5,3.09
2022-06-01,W.P. Kuala Lumpur,128.8,3.12
2022-06-01,W.P. Labuan,121.0,2.46
2022-06-01,W.P. Putrajaya,134.6,8.11
2022-07-01,Johor,131.6,4.69
2022-07-01,Kedah,123.9,3.51
2022-07-01,Kelantan,126.4,3.78
2022-07-01,Melaka,124.6,3.66
2022-07-01,Negeri Sembilan,127.5,3.83
2022-07-01,Pahang,125.1,3.9
2022-07-01,Perak,123.5,4.31
2022-07-01,Perlis,120.4,3.97
2022-07-01,Pulau Pinang,129.6,4.35
2022-07-01,Sabah,118.7,3.94
2022-07-01,Sarawak,121.4,3.58
2022-07-01,Selangor,132.8,5.23
2022-07-01,Terengganu,123.7,3.95
2022-07-01,W.P. Kuala Lumpur,129.0,3.78
2022-07-01,W.P. Labuan,121.2,3.24
2022-07-01,W.P. Putrajaya,135.2,8.77
2022-08-01,Johor,131.8,4.85
2022-08-01,Kedah,123.9,3.42
2022-08-01,Kelantan,126.3,3.69
2022-08-01,Melaka,124.8,3.83
2022-08-01,Negeri Sembilan,127.7,3.91
2022-08-01,Pahang,125.4,4.24
2022-08-01,Perak,123.8,4.56
2022-08-01,Perlis,120.4,3.97
2022-08-01,Pulau Pinang,129.7,4.43
2022-08-01,Sabah,119.1,4.29
2022-08-01,Sarawak,121.8,3.92
2022-08-01,Selangor,133.2,5.55
2022-08-01,Terengganu,123.6,3.95
2022-08-01,W.P. Kuala Lumpur,129.4,4.02
2022-08-01,W.P. Labuan,121.0,3.07
2022-08-01,W.P. Putrajaya,134.9,8.53
2022-09-01,Johor,131.9,4.68
2022-09-01,Kedah,124.0,3.42
2022-09-01,Kelantan,126.5,3.6
2022-09-01,Melaka,125.1,3.73
2022-09-01,Negeri Sembilan,127.9,3.81
2022-09-01,Pahang,125.8,4.14
2022-09-01,Perak,123.9,4.29
2022-09-01,Perlis,120.6,3.7
2022-09-01,Pulau Pinang,129.8,4.34
2022-09-01,Sabah,119.1,4.29
2022-09-01,Sarawak,122.0,4.01
2022-09-01,Selangor,133.4,5.54
2022-09-01,Terengganu,123.8,3.77
2022-09-01,W.P. Kuala Lumpur,129.5,4.02
2022-09-01,W.P. Labuan,121.0,3.07
2022-09-01,W.P. Putrajaya,135.2,8.07
2022-10-01,Johor,131.9,3.94
2022-10-01,Kedah,124.2,2.73
2022-10-01,Kelantan,126.7,2.92
2022-10-01,Melaka,125.5,3.21
2022-10-01,Negeri Sembilan,128.1,3.06
2022-10-01,Pahang,126.2,3.61
2022-10-01,Perak,124.1,3.59
2022-10-01,Perlis,121.4,3.58
2022-10-01,Pulau Pinang,130.0,3.75
2022-10-01,Sabah,119.3,3.74
2022-10-01,Sarawak,122.3,4.26
2022-10-01,Selangor,133.8,4.86
2022-10-01,Terengganu,124.1,3.24
2022-10-01,W.P. Kuala Lumpur,129.8,3.84
2022-10-01,W.P. Labuan,121.1,2.37
2022-10-01,W.P. Putrajaya,135.2,7.64
2022-11-01,Johor,132.6,4.16
2022-11-01,Kedah,124.5,2.72
2022-11-01,Kelantan,127.0,2.92
2022-11-01,Melaka,125.8,3.11
2022-11-01,Negeri Sembilan,128.5,3.13
2022-11-01,Pahang,126.7,3.85
2022-11-01,Perak,124.5,3.58
2022-11-01,Perlis,121.5,3.32
2022-11-01,Pulau Pinang,130.3,3.58
2022-11-01,Sabah,119.6,3.82
2022-11-01,Sarawak,123.0,4.68
2022-11-01,Selangor,134.2,4.76
2022-11-01,Terengganu,124.5,3.32
2022-11-01,W.P. Kuala Lumpur,130.2,3.83
2022-11-01,W.P. Labuan,121.5,2.45
2022-11-01,W.P. Putrajaya,135.8,7.95
2022-12-01,Johor,132.7,3.92
2022-12-01,Kedah,124.6,2.21
2022-12-01,Kelantan,127.2,2.5
2022-12-01,Melaka,126.2,3.27
2022-12-01,Negeri Sembilan,128.7,3.04
2022-12-01,Pahang,126.9,3.59
2022-12-01,Perak,124.7,3.31
2022-12-01,Perlis,121.6,2.79
2022-12-01,Pulau Pinang,130.6,3.32
2022-12-01,Sabah,119.8,3.81
2022-12-01,Sarawak,122.7,4.07
2022-12-01,Selangor,134.5,4.51
2022-12-01,Terengganu,124.5,2.89
2022-12-01,W.P. Kuala Lumpur,130.4,3.82
2022-12-01,W.P. Labuan,121.5,2.27
2022-12-01,W.P. Putrajaya,136.4,7.91
2023-01-01,Johor,132.9,3.83
2023-01-01,Kedah,124.8,2.21
2023-01-01,Kelantan,127.4,2.49
2023-01-01,Melaka,126.5,3.27
2023-01-01,Negeri Sembilan,128.9,3.12
2023-01-01,Pahang,127.2,3.75
2023-01-01,Perak,125.4,3.55
2023-01-01,Perlis,121.9,2.87
2023-01-01,Pulau Pinang,130.9,3.31
2023-01-01,Sabah,119.8,3.28
2023-01-01,Sarawak,123.4,4.31
2023-01-01,Selangor,134.7,4.18
2023-01-01,Terengganu,124.7,2.72
2023-01-01,W.P. Kuala Lumpur,130.4,3.33
2023-01-01,W.P. Labuan,121.6,2.1
2023-01-01,W.P. Putrajaya,135.8,5.93
2023-02-01,Johor,133.4,4.14
2023-02-01,Kedah,125.2,2.29
2023-02-01,Kelantan,127.6,2.49
2023-02-01,Melaka,126.7,3.26
2023-02-01,Negeri Sembilan,129.2,3.03
2023-02-01,Pahang,127.6,3.99
2023-02-01,Perak,125.8,3.8
2023-02-01,Perlis,122.1,2.61
2023-02-01,Pulau Pinang,131.3,3.3
2023-02-01,Sabah,120.1,3.27
2023-02-01,Sarawak,123.6,3.95
2023-02-01,Selangor,135.2,4.32
2023-02-01,Terengganu,125.0,2.71
2023-02-01,W.P. Kuala Lumpur,130.7,3.32
2023-02-01,W.P. Labuan,122.1,2.35
2023-02-01,W.P. Putrajaya,137.9,4.71
2023-03-01,Johor,133.4,3.65
2023-03-01,Kedah,125.2,2.12
2023-03-01,Kelantan,127.8,2.4
2023-03-01,Melaka,126.8,3.17
2023-03-01,Negeri Sembilan,129.2,2.87
2023-03-01,Pahang,127.7,3.74
2023-03-01,Perak,125.9,3.62
2023-03-01,Perlis,122.2,2.52
2023-03-01,Pulau Pinang,131.2,2.82
2023-03-01,Sabah,120.2,3.35
2023-03-01,Sarawak,123.6,3.78
2023-03-01,Selangor,135.3,4.0
2023-03-01,Terengganu,125.1,2.46
2023-03-01,W.P. Kuala Lumpur,130.7,2.99
2023-03-01,W.P. Labuan,122.2,2.17
2023-03-01,W.P. Putrajaya,138.0,4.47
2023-04-01,Johor,133.3,3.33
2023-04-01,Kedah,125.3,2.04
2023-04-01,Kelantan,127.9,2.32
2023-04-01,Melaka,127.0,3.25
2023-04-01,Negeri Sembilan,129.2,2.7
2023-04-01,Pahang,127.6,3.49
2023-04-01,Perak,126.0,3.45
2023-04-01,Perlis,122.3,2.43
2023-04-01,Pulau Pinang,131.2,2.66
2023-04-01,Sabah,120.2,3.18
2023-04-01,Sarawak,123.9,3.86
2023-04-01,Selangor,135.4,3.75
2023-04-01,Terengganu,125.2,2.37
2023-04-01,W.P. Kuala Lumpur,130.6,2.75
2023-04-01,W.P. Labuan,122.3,2.0
2023-04-01,W.P. Putrajaya,138.1,4.07
2023-05-01,Johor,133.5,2.69
2023-05-01,Kedah,125.5,1.95
2023-05-01,Kelantan,127.9,1.83
2023-05-01,Melaka,127.1,3.08
2023-05-01,Negeri Sembilan,129.3,2.29
2023-05-01,Pahang,127.8,3.15
2023-05-01,Perak,126.2,3.19
2023-05-01,Perlis,122.4,2.26
2023-05-01,Pulau Pinang,131.6,2.49
2023-05-01,Sabah,120.8,2.98
2023-05-01,Sarawak,124.1,3.5
2023-05-01,Selangor,135.7,3.27
2023-05-01,Terengganu,125.2,1.95
2023-05-01,W.P. Kuala Lumpur,131.2,2.58
2023-05-01,W.P. Labuan,122.1,1.24
2023-05-01,W.P. Putrajaya,138.1,3.14
2023-06-01,Johor,133.7,1.91
2023-06-01,Kedah,125.6,1.62
2023-06-01,Kelantan,128.0,1.43
2023-06-01,Melaka,127.2,2.66
2023-06-01,Negeri Sembilan,129.5,1.81
2023-06-01,Pahang,128.1,2.89
2023-06-01,Perak,126.3,2.68
2023-06-01,Perlis,122.6,1.91
2023-06-01,Pulau Pinang,131.7,1.93
2023-06-01,Sabah,120.7,2.29
2023-06-01,Sarawak,124.4,2.98
2023-06-01,Selangor,135.8,2.72
2023-06-01,Terengganu,125.4,1.54
2023-06-01,W.P. Kuala Lumpur,131.4,2.02
2023-06-01,W.P. Labuan,122.4,1.16
2023-06-01,W.P. Putrajaya,138.4,2.82
2023-07-01,Johor,133.8,1.67
2023-07-01,Kedah,125.7,1.45
2023-07-01,Kelantan,128.2,1.42
2023-07-01,Melaka,127.3,2.17
2023-07-01,Negeri Sembilan,129.5,1.57
2023-07-01,Pahang,128.3,2.56
2023-07-01,Perak,126.5,2.43
2023-07-01,Perlis,122.8,1.99
2023-07-01,Pulau Pinang,131.8,1.7
2023-07-01,Sabah,120.9,1.85
2023-07-01,Sarawak,124.5,2.55
2023-07-01,Selangor,136.0,2.41
2023-07-01,Terengganu,125.6,1.54
2023-07-01,W.P. Kuala Lumpur,131.4,1.86
2023-07-01,W.P. Labuan,122.5,1.07
2023-07-01,W.P. Putrajaya,138.7,2.59
2023-08-01,Johor,134.1,1.75
2023-08-01,Kedah,125.7,1.45
2023-08-01,Kelantan,128.2,1.5
2023-08-01,Melaka,127.4,2.08
2023-08-01,Negeri Sembilan,129.7,1.57
2023-08-01,Pahang,128.2,2.23
2023-08-01,Perak,126.7,2.34
2023-08-01,Perlis,123.3,2.41
2023-08-01,Pulau Pinang,132.0,1.77
2023-08-01,Sabah,121.2,1.76
2023-08-01,Sarawak,125.0,2.63
2023-08-01,Selangor,136.2,2.25
2023-08-01,Terengganu,125.5,1.54
2023-08-01,W.P. Kuala Lumpur,131.5,1.62
2023-08-01,W.P. Labuan,122.8,1.49
2023-08-01,W.P. Putrajaya,138.6,2.74
2023-09-01,Johor,134.2,1.74
2023-09-01,Kedah,125.8,1.45
2023-09-01,Kelantan,128.2,1.34
2023-09-01,Melaka,127.4,1.84
2023-09-01,Negeri Sembilan,129.6,1.33
2023-09-01,Pahang,128.3,1.99
2023-09-01,Perak,126.8,2.34
2023-09-01,Perlis,123.3,2.24
2023-09-01,Pulau Pinang,132.2,1.85
2023-09-01,Sabah,121.3,1.85
2023-09-01,Sarawak,125.3,2.7
2023-09-01,Selangor,136.2,2.1
2023-09-01,Terengganu,125.6,1.45
2023-09-01,W.P. Kuala Lumpur,131.5,1.54
2023-09-01,W.P. Labuan,122.8,1.49
2023-09-01,W.P. Putrajaya,138.7,2.59
2023-10-01,Johor,134.2,1.74
2023-10-01,Kedah,125.8,1.29
2023-10-01,Kelantan,128.3,1.26
2023-10-01,Melaka,127.5,1.59
2023-10-01,Negeri Sembilan,129.8,1.33
2023-10-01,Pahang,128.3,1.66
2023-10-01,Perak,126.8,2.18
2023-10-01,Perlis,123.4,1.65
2023-10-01,Pulau Pinang,132.4,1.85
2023-10-01,Sabah,121.3,1.68
2023-10-01,Sarawak,125.4,2.53
2023-10-01,Selangor,136.4,1.94
2023-10-01,Terengganu,125.7,1.29
2023-10-01,W.P. Kuala Lumpur,131.6,1.39
2023-10-01,W.P. Labuan,122.9,1.49
2023-10-01,W.P. Putrajaya,138.9,2.74
2023-11-01,Johor,134.3,1.28
2023-11-01,Kedah,126.0,1.2
2023-11-01,Kelantan,128.1,0.87
2023-11-01,Melaka,127.4,1.27
2023-11-01,Negeri Sembilan,129.7,0.93
2023-11-01,Pahang,128.4,1.34
2023-11-01,Perak,126.9,1.93
2023-11-01,Perlis,123.2,1.4
2023-11-01,Pulau Pinang,132.6,1.77
2023-11-01,Sabah,121.3,1.42
2023-11-01,Sarawak,125.5,2.03
2023-11-01,Selangor,136.5,1.71
2023-11-01,Terengganu,125.6,0.88
2023-11-01,W.P. Kuala Lumpur,131.4,0.92
2023-11-01,W.P. Labuan,123.2,1.4
2023-11-01,W.P. Putrajaya,138.9,2.28
2023-12-01,Johor,134.6,1.43
2023-12-01,Kedah,126.2,1.28
2023-12-01,Kelantan,128.4,0.94
2023-12-01,Melaka,127.6,1.11
2023-12-01,Negeri Sembilan,130.0,1.01
2023-12-01,Pahang,128.7,1.42
2023-12-01,Perak,127.1,1.92
2023-12-01,Perlis,123.5,1.56
2023-12-01,Pulau Pinang,132.9,1.76
2023-12-01,Sabah,121.4,1.34
2023-12-01,Sarawak,125.7,2.44
2023-12-01,Selangor,136.8,1.71
2023-12-01,Terengganu,126.0,1.2
2023-12-01,W.P. Kuala Lumpur,131.6,0.92
2023-12-01,W.P. Labuan,123.3,1.48
2023-12-01,W.P. Putrajaya,139.2,2.05
2024-01-01,Johor,134.9,1.5
2024-01-01,Kedah,126.4,1.28
2024-01-01,Kelantan,128.6,0.94
2024-01-01,Melaka,127.8,1.03
2024-01-01,Negeri Sembilan,130.1,0.93
2024-01-01,Pahang,129.4,1.73
2024-01-01,Perak,127.0,1.28
2024-01-01,Perlis,123.9,1.64
2024-01-01,Pulau Pinang,133.2,1.76
2024-01-01,Sabah,121.6,1.5
2024-01-01,Sarawak,125.8,1.94
2024-01-01,Selangor,137.1,1.78
2024-01-01,Terengganu,126.1,1.12
2024-01-01,W.P. Kuala Lumpur,132.0,1.23
2024-01-01,W.P. Labuan,123.3,1.4
2024-01-01,W.P. Putrajaya,139.5,2.72
2024-02-01,Johor,135.4,1.5
2024-02-01,Kedah,126.3,0.88
2024-02-01,Kelantan,129.2,1.25
2024-02-01,Melaka,128.3,1.26
2024-02-01,Negeri Sembilan,130.5,1.01
2024-02-01,Pahang,130.6,2.35
2024-02-01,Perak,127.3,1.19
2024-02-01,Perlis,124.5,1.97
2024-02-01,Pulau Pinang,134.9,2.74
2024-02-01,Sabah,121.9,1.5
2024-02-01,Sarawak,126.0,1.94
2024-02-01,Selangor,138.0,2.07
2024-02-01,Terengganu,126.8,1.44
2024-02-01,W.P. Kuala Lumpur,132.4,1.3
2024-02-01,W.P. Labuan,123.3,0.98
2024-02-01,W.P. Putrajaya,140.1,1.6
2024-03-01,Johor,135.4,1.5
2024-03-01,Kedah,127.0,1.44
2024-03-01,Kelantan,129.2,1.1
2024-03-01,Melaka,128.2,1.1
2024-03-01,Negeri Sembilan,130.4,0.93
2024-03-01,Pahang,130.4,2.11
2024-03-01,Perak,127.2,1.03
2024-03-01,Perlis,124.5,1.88
2024-03-01,Pulau Pinang,135.1,2.97
2024-03-01,Sabah,121.9,1.41
2024-03-01,Sarawak,127.2,2.91
2024-03-01,Selangor,138.1,2.07
2024-03-01,Terengganu,126.9,1.44
2024-03-01,W.P. Kuala Lumpur,132.2,1.15
2024-03-01,W.P. Labuan,123.1,0.74
2024-03-01,W.P. Putrajaya,140.0,1.45
2024-04-01,Johor,135.4,1.58
2024-04-01,Kedah,127.0,1.36
2024-04-01,Kelantan,129.2,1.02
2024-04-01,Melaka,128.4,1.1
2024-04-01,Negeri Sembilan,130.5,1.01
2024-04-01,Pahang,130.6,2.35
2024-04-01,Perak,127.3,1.03
2024-04-01,Perlis,124.5,1.8
2024-04-01,Pulau Pinang,135.4,3.2
2024-04-01,Sabah,122.1,1.58
2024-04-01,Sarawak,127.4,2.82
2024-04-01,Selangor,138.4,2.22
2024-04-01,Terengganu,126.9,1.36
2024-04-01,W.P. Kuala Lumpur,132.4,1.38
2024-04-01,W.P. Labuan,123.0,0.57
2024-04-01,W.P. Putrajaya,140.3,1.59
2024-05-01,Johor,136.0,1.87
2024-05-01,Kedah,127.3,1.43
2024-05-01,Kelantan,129.4,1.17
2024-05-01,Melaka,128.7,1.26
2024-05-01,Negeri Sembilan,130.8,1.16
2024-05-01,Pahang,131.1,2.58
2024-05-01,Perak,127.7,1.19
2024-05-01,Perlis,124.9,2.04
2024-05-01,Pulau Pinang,135.9,3.27
2024-05-01,Sabah,122.2,1.16
2024-05-01,Sarawak,127.6,2.82
2024-05-01,Selangor,139.0,2.43
2024-05-01,Terengganu,127.2,1.6
2024-05-01,W.P. Kuala Lumpur,132.5,0.99
2024-05-01,W.P. Labuan,123.2,0.9
2024-05-01,W.P. Putrajaya,140.3,1.59
2024-06-01,Johor,136.4,2.02
2024-06-01,Kedah,127.4,1.43
2024-06-01,Kelantan,129.6,1.25
2024-06-01,Melaka,128.9,1.34
2024-06-01,Negeri Sembilan,131.1,1.24
2024-06-01,Pahang,131.5,2.65
2024-06-01,Perak,127.9,1.27
2024-06-01,Perlis,125.1,2.04
2024-06-01,Pulau Pinang,136.1,3.34
2024-06-01,Sabah,122.3,1.33
2024-06-01,Sarawak,127.8,2.73
2024-06-01,Selangor,139.0,2.36
2024-06-01,Terengganu,127.4,1.59
2024-06-01,W.P. Kuala Lumpur,132.9,1.14
2024-06-01,W.P. Labuan,123.6,0.98
2024-06-01,W.P. Putrajaya,140.4,1.45
2024-07-01,Johor,136.4,1.94
2024-07-01,Kedah,127.5,1.43
2024-07-01,Kelantan,129.5,1.01
2024-07-01,Melaka,129.1,1.41
2024-07-01,Negeri Sembilan,131.2,1.31
2024-07-01,Pahang,131.6,2.57
2024-07-01,Perak,127.8,1.03
2024-07-01,Perlis,125.2,1.95
2024-07-01,Pulau Pinang,136.3,3.41
2024-07-01,Sabah,122.4,1.24
2024-07-01,Sarawak,127.9,2.73
2024-07-01,Selangor,139.2,2.35
2024-07-01,Terengganu,127.6,1.59
2024-07-01,W.P. Kuala Lumpur,133.4,1.52
2024-07-01,W.P. Labuan,123.4,0.73
2024-07-01,W.P. Putrajaya,140.3,1.15
2024-08-01,Johor,136.5,1.79
2024-08-01,Kedah,127.5,1.43
2024-08-01,Kelantan,129.4,0.94
2024-08-01,Melaka,129.2,1.41
2024-08-01,Negeri Sembilan,131.6,1.46
2024-08-01,Pahang,131.8,2.81
2024-08-01,Perak,127.9,0.95
2024-08-01,Perlis,125.2,1.54
2024-08-01,Pulau Pinang,136.4,3.33
2024-08-01,Sabah,122.5,1.07
2024-08-01,Sarawak,128.1,2.48
2024-08-01,Selangor,139.3,2.28
2024-08-01,Terengganu,127.6,1.67
2024-08-01,W.P. Kuala Lumpur,133.6,1.6
2024-08-01,W.P. Labuan,123.4,0.49
2024-08-01,W.P. Putrajaya,140.4,1.3
2024-09-01,Johor,136.6,1.79
2024-09-01,Kedah,127.5,1.35
2024-09-01,Kelantan,129.3,0.86
2024-09-01,Melaka,129.1,1.33
2024-09-01,Negeri Sembilan,131.5,1.47
2024-09-01,Pahang,131.7,2.65
2024-09-01,Perak,128.0,0.95
2024-09-01,Perlis,125.1,1.46
2024-09-01,Pulau Pinang,136.3,3.1
2024-09-01,Sabah,122.6,1.07
2024-09-01,Sarawak,128.2,2.31
2024-09-01,Selangor,139.3,2.28
2024-09-01,Terengganu,127.5,1.51
2024-09-01,W.P. Kuala Lumpur,133.6,1.6
2024-09-01,W.P. Labuan,123.3,0.41
2024-09-01,W.P. Putrajaya,140.4,1.23
2024-10-01,Johor,136.8,1.94
2024-10-01,Kedah,127.6,1.43
2024-10-01,Kelantan,129.5,0.94
2024-10-01,Melaka,129.5,1.57
2024-10-01,Negeri Sembilan,131.7,1.46
2024-10-01,Pahang,131.7,2.65
2024-10-01,Perak,128.2,1.1
2024-10-01,Perlis,125.4,1.62
2024-10-01,Pulau Pinang,136.5,3.1
2024-10-01,Sabah,122.6,1.07
2024-10-01,Sarawak,128.0,2.07
2024-10-01,Selangor,139.5,2.27
2024-10-01,Terengganu,127.6,1.51
2024-10-01,W.P. Kuala Lumpur,133.5,1.44
2024-10-01,W.P. Labuan,123.4,0.41
2024-10-01,W.P. Putrajaya,140.6,1.22
2024-11-01,Johor,136.8,1.86
2024-11-01,Kedah,127.5,1.19
2024-11-01,Kelantan,129.3,0.94
2024-11-01,Melaka,129.4,1.57
2024-11-01,Negeri Sembilan,131.6,1.46
2024-11-01,Pahang,131.5,2.41
2024-11-01,Perak,128.2,1.02
2024-11-01,Perlis,125.1,1.54
2024-11-01,Pulau Pinang,136.4,2.87
2024-11-01,Sabah,122.6,1.07
2024-11-01,Sarawak,127.9,1.91
2024-11-01,Selangor,139.4,2.12
2024-11-01,Terengganu,127.6,1.59
2024-11-01,W.P. Kuala Lumpur,133.3,1.45
2024-11-01,W.P. Labuan,123.3,0.08
2024-11-01,W.P. Putrajaya,140.4,1.08
2024-12-01,Johor,137.0,1.78
2024-12-01,Kedah,127.4,0.95
2024-12-01,Kelantan,129.3,0.7
2024-12-01,Melaka,129.7,1.65
2024-12-01,Negeri Sembilan,131.8,1.38
2024-12-01,Pahang,131.6,2.25
2024-12-01,Perak,128.3,0.94
2024-12-01,Perlis,125.1,1.3
2024-12-01,Pulau Pinang,136.3,2.56
2024-12-01,Sabah,122.5,0.91
2024-12-01,Sarawak,127.9,1.75
2024-12-01,Selangor,139.5,1.97
2024-12-01,Terengganu,128.0,1.59
2024-12-01,W.P. Kuala Lumpur,133.6,1.52
2024-12-01,W.P. Labuan,123.2,-0.08
2024-12-01,W.P. Putrajaya,140.5,0.93
2025-01-01,Johor,137.4,1.85
2025-01-01,Kedah,127.6,0.95
2025-01-01,Kelantan,129.6,0.78
2025-01-01,Melaka,130.0,1.72
2025-01-01,Negeri Sembilan,132.1,1.54
2025-01-01,Pahang,131.9,1.93
2025-01-01,Perak,128.4,1.1
2025-01-01,Perlis,125.3,1.13
2025-01-01,Pulau Pinang,136.4,2.4
2025-01-01,Sabah,122.7,0.9
2025-01-01,Sarawak,128.0,1.75
2025-01-01,Selangor,139.8,1.97
2025-01-01,Terengganu,128.3,1.74
2025-01-01,W.P. Kuala Lumpur,133.6,1.21
2025-01-01,W.P. Labuan,123.3,0.0
2025-01-01,W.P. Putrajaya,140.5,0.72
2025-02-01,Johor,138.3,2.14
2025-02-01,Kedah,127.9,1.27
2025-02-01,Kelantan,129.8,0.46
2025-02-01,Melaka,130.4,1.64
2025-02-01,Negeri Sembilan,132.4,1.46
2025-02-01,Pahang,132.0,1.07
2025-02-01,Perak,128.6,1.02
2025-02-01,Perlis,125.6,0.88
2025-02-01,Pulau Pinang,136.5,1.19
2025-02-01,Sabah,123.1,0.98
2025-02-01,Sarawak,128.4,1.9
2025-02-01,Selangor,140.6,1.88
2025-02-01,Terengganu,128.4,1.26
2025-02-01,W.P. Kuala Lumpur,133.9,1.13
2025-02-01,W.P. Labuan,123.6,0.24
2025-02-01,W.P. Putrajaya,140.7,0.43
2025-03-01,Johor,138.2,2.07
2025-03-01,Kedah,127.8,0.63
2025-03-01,Kelantan,129.8,0.46
2025-03-01,Melaka,130.3,1.64
2025-03-01,Negeri Sembilan,132.6,1.69
2025-03-01,Pahang,131.9,1.15
2025-03-01,Perak,128.6,1.1
2025-03-01,Perlis,125.7,0.96
2025-03-01,Pulau Pinang,136.6,1.11
2025-03-01,Sabah,123.2,1.07
2025-03-01,Sarawak,128.5,1.02
2025-03-01,Selangor,140.6,1.81
2025-03-01,Terengganu,128.4,1.18
2025-03-01,W.P. Kuala Lumpur,133.7,1.13
2025-03-01,W.P. Labuan,123.9,0.65
2025-03-01,W.P. Putrajaya,141.0,0.71
2025-04-01,Johor,138.4,2.22
2025-04-01,Kedah,128.1,0.87
2025-04-01,Kelantan,129.9,0.54
2025-04-01,Melaka,130.4,1.56
2025-04-01,Negeri Sembilan,132.7,1.69
2025-04-01,Pahang,131.9,1.0
2025-04-01,Perak,128.7,1.1
2025-04-01,Perlis,125.9,1.12
2025-04-01,Pulau Pinang,136.9,1.11
2025-04-01,Sabah,123.4,1.06
2025-04-01,Sarawak,128.6,0.94
2025-04-01,Selangor,140.8,1.73
2025-04-01,Terengganu,128.6,1.34
2025-04-01,W.P. Kuala Lumpur,134.2,1.36
2025-04-01,W.P. Labuan,123.7,0.57
2025-04-01,W.P. Putrajaya,141.0,0.5
2025-05-01,Johor,138.4,1.76
2025-05-01,Kedah,128.0,0.55
2025-05-01,Kelantan,129.8,0.31
2025-05-01,Melaka,130.6,1.48
2025-05-01,Negeri Sembilan,132.9,1.61
2025-05-01,Pahang,132.0,0.69
2025-05-01,Perak,128.7,0.78
2025-05-01,Perlis,126.1,0.96
2025-05-01,Pulau Pinang,137.0,0.81
2025-05-01,Sabah,123.6,1.15
2025-05-01,Sarawak,128.6,0.78
2025-05-01,Selangor,141.1,1.51
2025-05-01,Terengganu,128.6,1.1
2025-05-01,W.P. Kuala Lumpur,134.4,1.43
2025-05-01,W.P. Labuan,124.0,0.65
2025-05-01,W.P. Putrajaya,141.0,0.5
2025-06-01,Johor,138.5,1.54
2025-06-01,Kedah,128.2,0.63
2025-06-01,Kelantan,129.8,0.15
2025-06-01,Melaka,130.6,1.32
2025-06-01,Negeri Sembilan,133.2,1.6
2025-06-01,Pahang,132.4,0.68
2025-06-01,Perak,128.8,0.7
2025-06-01,Perlis,126.1,0.8
2025-06-01,Pulau Pinang,137.1,0.73
2025-06-01,Sabah,123.6,1.06
2025-06-01,Sarawak,128.6,0.63
2025-06-01,Selangor,141.2,1.58
2025-06-01,Terengganu,128.7,1.02
2025-06-01,W.P. Kuala Lumpur,134.5,1.2
2025-06-01,W.P. Labuan,124.1,0.4
2025-06-01,W.P. Putrajaya,141.1,0.5
2025-07-01,Johor,138.9,1.83
2025-07-01,Kedah,128.0,0.39
2025-07-01,Kelantan,129.5,0.0
2025-07-01,Melaka,130.8,1.32
2025-07-01,Negeri Sembilan,133.1,1.45
2025-07-01,Pahang,132.7,0.84
2025-07-01,Perak,128.8,0.78
2025-07-01,Perlis,125.9,0.56
2025-07-01,Pulau Pinang,137.6,0.95
2025-07-01,Sabah,123.7,1.06
2025-07-01,Sarawak,128.6,0.55
2025-07-01,Selangor,141.3,1.51
2025-07-01,Terengganu,128.6,0.78
2025-07-01,W.P. Kuala Lumpur,134.7,0.97
2025-07-01,W.P. Labuan,124.3,0.73
2025-07-01,W.P. Putrajaya,141.4,0.78
2025-08-01,Johor,139.2,1.98
2025-08-01,Kedah,128.2,0.55
2025-08-01,Kelantan,129.5,0.08
2025-08-01,Melaka,130.9,1.32
2025-08-01,Negeri Sembilan,133.5,1.44
2025-08-01,Pahang,133.2,1.06
2025-08-01,Perak,128.9,0.78
2025-08-01,Perlis,126.1,0.72
2025-08-01,Pulau Pinang,137.7,0.95
2025-08-01,Sabah,124.1,1.31
2025-08-01,Sarawak,128.7,0.47
2025-08-01,Selangor,141.4,1.51
2025-08-01,Terengganu,129.5,1.49
2025-08-01,W.P. Kuala Lumpur,135.0,1.05
2025-08-01,W.P. Labuan,124.4,0.81
2025-08-01,W.P. Putrajaya,141.5,0.78
2025-09-01,Johor,139.4,2.05
2025-09-01,Kedah,128.6,0.86
2025-09-01,Kelantan,130.0,0.54
2025-09-01,Melaka,131.4,1.78
2025-09-01,Negeri Sembilan,134.0,1.9
2025-09-01,Pahang,133.5,1.37
2025-09-01,Perak,129.1,0.86
2025-09-01,Perlis,126.8,1.36
2025-09-01,Pulau Pinang,138.0,1.25
2025-09-01,Sabah,124.2,1.31
2025-09-01,Sarawak,129.0,0.62
2025-09-01,Selangor,141.8,1.79
2025-09-01,Terengganu,129.7,1.73
2025-09-01,W.P. Kuala Lumpur,135.4,1.35
2025-09-01,W.P. Labuan,124.7,1.14
2025-09-01,W.P. Putrajaya,141.8,1.0
2025-10-01,Johor,139.4,1.9
2025-10-01,Kedah,128.3,0.55
2025-10-01,Kelantan,129.6,0.08
2025-10-01,Melaka,131.3,1.39
2025-10-01,Negeri Sembilan,133.9,1.67
2025-10-01,Pahang,133.4,1.29
2025-10-01,Perak,128.9,0.55
2025-10-01,Perlis,126.5,0.88
2025-10-01,Pulau Pinang,137.9,1.03
2025-10-01,Sabah,124.2,1.31
2025-10-01,Sarawak,129.0,0.78
2025-10-01,Selangor,141.7,1.58
2025-10-01,Terengganu,129.4,1.41
2025-10-01,W.P. Kuala Lumpur,135.6,1.57
2025-10-01,W.P. Labuan,124.8,1.13
2025-10-01,W.P. Putrajaya,141.8,0.85
2025-11-01,Johor,139.4,1.9
2025-11-01,Kedah,128.4,0.71
2025-11-01,Kelantan,129.6,0.23
2025-11-01,Melaka,131.1,1.31
2025-11-01,Negeri Sembilan,134.1,1.9
2025-11-01,Pahang,133.4,1.44
2025-11-01,Perak,128.8,0.47
2025-11-01,Perlis,126.3,0.96
2025-11-01,Pulau Pinang,137.8,1.03
2025-11-01,Sabah,124.2,1.31
2025-11-01,Sarawak,129.2,1.02
2025-11-01,Selangor,141.6,1.58
2025-11-01,Terengganu,129.1,1.18
2025-11-01,W.P. Kuala Lumpur,135.6,1.73
2025-11-01,W.P. Labuan,124.8,1.22
2025-11-01,W.P. Putrajaya,141.7,0.93
2025-12-01,Johor,140.1,2.26
2025-12-01,Kedah,128.8,1.1
2025-12-01,Kelantan,129.9,0.46
2025-12-01,Melaka,131.5,1.39
2025-12-01,Negeri Sembilan,134.7,2.2
2025-12-01,Pahang,134.0,1.82
2025-12-01,Perak,129.4,0.86
2025-12-01,Perlis,126.5,1.12
2025-12-01,Pulau Pinang,138.1,1.32
2025-12-01,Sabah,124.3,1.47
2025-12-01,Sarawak,129.3,1.09
2025-12-01,Selangor,141.9,1.72
2025-12-01,Terengganu,129.8,1.41
2025-12-01,W.P. Kuala Lumpur,135.7,1.57
2025-12-01,W.P. Labuan,125.4,1.79
2025-12-01,W.P. Putrajaya,142.0,1.07
2026-01-01,Johor,140.3,2.11
2026-01-01,Kedah,129.1,1.18
2026-01-01,Kelantan,130.0,0.31
2026-01-01,Melaka,131.8,1.38
2026-01-01,Negeri Sembilan,134.7,1.97
2026-01-01,Pahang,134.4,1.9
2026-01-01,Perak,129.7,1.01
2026-01-01,Perlis,126.8,1.2
2026-01-01,Pulau Pinang,138.4,1.47
2026-01-01,Sabah,124.4,1.39
2026-01-01,Sarawak,129.4,1.09
2026-01-01,Selangor,142.1,1.65
2026-01-01,Terengganu,129.9,1.25
2026-01-01,W.P. Kuala Lumpur,135.8,1.65
2026-01-01,W.P. Labuan,125.1,1.46
2026-01-01,W.P. Putrajaya,142.1,1.14
2026-02-01,Johor,140.6,1.66
2026-02-01,Kedah,129.6,1.33
2026-02-01,Kelantan,130.1,0.23
2026-02-01,Melaka,132.2,1.38
2026-02-01,Negeri Sembilan,135.0,1.96
2026-02-01,Pahang,134.8,2.12
2026-02-01,Perak,129.8,0.93
2026-02-01,Perlis,126.8,0.96
2026-02-01,Pulau Pinang,138.7,1.61
2026-02-01,Sabah,125.3,1.79
2026-02-01,Sarawak,129.6,0.93
2026-02-01,Selangor,142.4,1.28
2026-02-01,Terengganu,130.4,1.56
2026-02-01,W.P. Kuala Lumpur,136.1,1.64
2026-02-01,W.P. Labuan,126.2,2.1
2026-02-01,W.P. Putrajaya,142.7,1.42
2026-03-01,Johor,140.9,1.95
2026-03-01,Kedah,130.2,1.88
2026-03-01,Kelantan,130.7,0.69
2026-03-01,Melaka,132.4,1.61
2026-03-01,Negeri Sembilan,135.5,2.19
2026-03-01,Pahang,135.2,2.5
2026-03-01,Perak,130.0,1.09
2026-03-01,Perlis,127.3,1.27
2026-03-01,Pulau Pinang,139.1,1.83
2026-03-01,Sabah,125.8,2.11
2026-03-01,Sarawak,130.0,1.17
2026-03-01,Selangor,142.8,1.56
2026-03-01,Terengganu,130.6,1.71
2026-03-01,W.P. Kuala Lumpur,136.6,2.17
2026-03-01,W.P. Labuan,126.9,2.42
2026-03-01,W.P. Putrajaya,143.3,1.63
2026-04-01,Johor,141.7,2.38
2026-04-01,Kedah,130.5,1.87
2026-04-01,Kelantan,130.9,0.77
2026-04-01,Melaka,132.9,1.92
2026-04-01,Negeri Sembilan,136.0,2.49
2026-04-01,Pahang,135.6,2.81
2026-04-01,Perak,130.2,1.17
2026-04-01,Perlis,127.9,1.59
2026-04-01,Pulau Pinang,139.4,1.83
2026-04-01,Sabah,126.0,2.11
2026-04-01,Sarawak,129.1,0.39
2026-04-01,Selangor,143.6,1.99
2026-04-01,Terengganu,131.0,1.87
2026-04-01,W.P. Kuala Lumpur,137.5,2.46
2026-04-01,W.P. Labuan,127.1,2.75
2026-04-01,W.P. Putrajaya,143.9,2.06
2026-05-01,Johor,141.9,2.53
2026-05-01,Kedah,130.8,2.19
2026-05-01,Kelantan,130.9,0.85
2026-05-01,Melaka,133.3,2.07
2026-05-01,Negeri Sembilan,136.4,2.63
2026-05-01,Pahang,135.7,2.8
2026-05-01,Perak,130.4,1.32
2026-05-01,Perlis,127.8,1.35
2026-05-01,Pulau Pinang,139.6,1.9
2026-05-01,Sabah,126.1,2.02
2026-05-01,Sarawak,129.2,0.47
2026-05-01,Selangor,143.7,1.84
2026-05-01,Terengganu,131.1,1.94
2026-05-01,W.P. Kuala Lumpur,137.6,2.38
2026-05-01,W.P. Labuan,127.2,2.58
2026-05-01,W.P. Putrajaya,144.1,2.2
2026-06-01,Johor,141.9,2.45
2026-06-01,Kedah,130.8,2.03
2026-06-01,Kelantan,130.9,0.85
2026-06-01,Melaka,133.1,1.91
2026-06-01,Negeri Sembilan,136.5,2.48
2026-06-01,Pahang,135.9,2.64
2026-06-01,Perak,130.5,1.32
2026-06-01,Perlis,127.8,1.35
2026-06-01,Pulau Pinang,139.5,1.75
2026-06-01,Sabah,126.0,1.94
2026-06-01,Sarawak,129.1,0.39
2026-06-01,Selangor,143.8,1.84
2026-06-01,Terengganu,131.1,1.86
2026-06-01,W.P. Kuala Lumpur,137.4,2.16
2026-06-01,W.P. Labuan,127.0,2.34
2026-06-01,W.P. Putrajaya,143.9,1.98
2026-07-01,Johor,141.8,2.09
2026-07-01,Kedah,130.9,2.27
2026-07-01,Kelantan,130.7,0.93
2026-07-01,Melaka,133.1,1.76
2026-07-01,Negeri Sembilan,136.4,2.48
2026-07-01,Pahang,135.8,2.34
2026-07-01,Perak,130.3,1.16
2026-07-01,Perlis,127.5,1.27
2026-07-01,Pulau Pinang,139.8,1.6
2026-07-01,Sabah,126.0,1.86
2026-07-01,Sarawak,129.0,0.31
2026-07-01,Selangor,143.8,1.77
2026-07-01,Terengganu,130.9,1.79
2026-07-01,W.P. Kuala Lumpur,137.6,2.15
2026-07-01,W.P. Labuan,126.8,2.01
2026-07-01,W.P. Putrajaya,144.0,1.84
